year,commune,rate,n,reason,components
2009,Käerjeng,,211,component unavailable,Bascharage | Clémency
2009,Beaufort,14.451880221731793,58,published,Beaufort
2009,Bech,,3,source suppressed,Bech
2009,Beckerich,10.779463249209389,71,published,Beckerich
2009,Berdorf,,13,source suppressed,Berdorf
2009,Bertrange,15.663420044515895,416,published,Bertrange
2009,Bettembourg,12.23818053351108,136,published,Bettembourg
2009,Bettendorf,,8,source suppressed,Bettendorf
2009,Betzdorf,13.51477776323681,42,published,Betzdorf
2009,Bissen,13.105413656953464,51,published,Bissen
2009,Biwer,,18,source suppressed,Biwer
2009,Helperknapp,,31,component unavailable,Boevange-sur-Attert | Tuntange
2009,Boulaide,,17,source suppressed,Boulaide
2009,Bourscheid,,5,source suppressed,Bourscheid
2009,Bous-Waldbredimus,13.588058427681428,64,published,Bous | Waldbredimus
2009,Schengen,,74,component unavailable,Burmerange | Schengen | Wellenstein
2009,Clervaux,,127,component unavailable,Clervaux | Heinerscheid | Munshausen
2009,Colmar-Berg,12.106541641047205,53,published,Colmar-Berg
2009,Consdorf,,8,source suppressed,Consdorf
2009,Parc Hosingen,,35,component unavailable,Consthum | Hoscheid | Hosingen
2009,Contern,14.242638245622663,80,published,Contern
2009,Dalheim,,16,source suppressed,Dalheim
2009,Diekirch,11.501811087843786,82,published,Diekirch
2009,Differdange,13.072156557550283,288,published,Differdange
2009,Dippach,12.24250721339099,58,published,Dippach
2009,Dudelange,13.46052304575236,258,published,Dudelange
2009,Echternach,12.441888161144545,123,published,Echternach
2009,Ell,10.54948986476194,39,published,Ell
2009,Vallée de l'Ernz,,27,component unavailable,Ermsdorf | Medernach
2009,Erpeldange-sur-Sûre,,21,source suppressed,Erpeldange
2009,Esch-sur-Alzette,13.884455144405946,943,published,Esch-sur-Alzette
2009,Esch-sur-Sûre,,30,component unavailable,Esch-sur-Sûre | Heiderscheid | Neunhausen
2009,Wiltz,,81,component unavailable,Eschweiler | Wiltz
2009,Ettelbruck,12.163489626545475,139,published,Ettelbruck
2009,Feulen,,14,source suppressed,Feulen
2009,Fischbach,,3,source suppressed,Fischbach
2009,Flaxweiler,12.602230744478247,39,published,Flaxweiler
2009,Frisange,12.5684544728605,90,published,Frisange
2009,Garnich,,27,source suppressed,Garnich
2009,Goesdorf,,12,source suppressed,Goesdorf
2009,Grevenmacher,12.571270316975738,202,published,Grevenmacher
2009,Groussbus-Wal,,13,component unavailable,Grosbous | Wahl
2009,Heffingen,,4,source suppressed,Heffingen
2009,Hesperange,14.219071488213501,714,published,Hesperange
2009,Habscht,,114,component unavailable,Hobscheid | Septfontaines
2009,Junglinster,13.259123536373457,69,published,Junglinster
2009,Kayl,12.733690926615195,69,published,Kayl
2009,Kehlen,12.534650158917554,91,published,Kehlen
2009,Kiischpelt,,10,source suppressed,Kiischpelt
2009,Koerich,,17,source suppressed,Koerich
2009,Kopstal,14.788896198382876,125,published,Kopstal
2009,Lac de la Haute-Sûre,,6,source suppressed,Lac de la Haute-Sûre
2009,Larochette,,28,source suppressed,Larochette
2009,Lenningen,,22,source suppressed,Lenningen
2009,Leudelange,14.301746072393293,85,published,Leudelange
2009,Lintgen,13.124634409951224,65,published,Lintgen
2009,Lorentzweiler,14.503619910135274,115,published,Lorentzweiler
2009,Luxembourg,17.420624143994186,6887,published,Luxembourg-Ville
2009,Mamer,13.401436419234907,514,published,Mamer
2009,Manternach,,26,source suppressed,Manternach
2009,Mersch,12.66622090524022,284,published,Mersch
2009,Mertert,12.131922491306177,54,published,Mertert
2009,Mertzig,11.548851353292962,33,published,Mertzig
2009,Rosport-Mompach,,33,component unavailable,Mompach | Rosport
2009,Mondercange,13.635860182555238,73,published,Mondercange
2009,Mondorf-les-Bains,13.06070797352567,181,published,Mondorf-les-Bains
2009,Niederanven,14.546445968375474,102,published,Niederanven
2009,Nommern,,5,source suppressed,Nommern
2009,Pétange,12.11334068360874,310,published,Pétange
2009,Préizerdaul,,3,source suppressed,Préizerdaul
2009,Putscheid,,17,source suppressed,Putscheid
2009,Rambrouch,10.413911263924442,34,published,Rambrouch
2009,Reckange-sur-Mess,,15,source suppressed,Reckange-sur-Mess
2009,Redange/Attert,10.517445590437498,57,published,Redange-sur-Attert
2009,Reisdorf,,11,source suppressed,Reisdorf
2009,Remich,14.293861362676484,175,published,Remich
2009,Roeser,13.490110244656677,172,published,Roeser
2009,Rumelange,13.951629576803617,45,published,Rumelange
2009,Saeul,11.459652022453447,36,published,Saeul
2009,Sandweiler,14.394059832019927,81,published,Sandweiler
2009,Sanem,12.430730118594742,144,published,Sanem
2009,Schieren,,15,source suppressed,Schieren
2009,Schifflange,13.6095776267837,84,published,Schifflange
2009,Schuttrange,13.684300304395052,78,published,Schuttrange
2009,Stadtbredimus,,24,source suppressed,Stadtbredimus
2009,Steinfort,12.790208851259838,101,published,Steinfort
2009,Steinsel,13.774966706006191,97,published,Steinsel
2009,Strassen,16.546243143474552,735,published,Strassen
2009,Tandel,,0,source suppressed,Tandel
2009,Troisvierges,9.676257419820312,33,published,Troisvierges
2009,Useldange,,22,source suppressed,Useldange
2009,Vianden,,6,source suppressed,Vianden
2009,Vichten,11.097324635013107,36,published,Vichten
2009,Waldbillig,,7,source suppressed,Waldbillig
2009,Walferdange,14.691737226652375,442,published,Walferdange
2009,Weiler-la-Tour,,21,source suppressed,Weiler-la-Tour
2009,Weiswampach,,18,source suppressed,Weiswampach
2009,Wincrange,10.625054079086063,31,published,Wincrange
2009,Winseler,10.125697841363863,32,published,Winseler
2009,Wormeldange,10.781546800105408,48,published,Wormeldange
2010,Käerjeng,,240,component unavailable,Bascharage | Clémency
2010,Beaufort,15.0099327,35,published,Beaufort
2010,Bech,,4,source suppressed,Bech
2010,Beckerich,10.4885333,41,published,Beckerich
2010,Berdorf,,15,source suppressed,Berdorf
2010,Bertrange,15.1206633,442,published,Bertrange
2010,Bettembourg,12.9698204,125,published,Bettembourg
2010,Bettendorf,,17,source suppressed,Bettendorf
2010,Betzdorf,,27,source suppressed,Betzdorf
2010,Bissen,12.6776676,32,published,Bissen
2010,Biwer,,20,source suppressed,Biwer
2010,Helperknapp,,12,component unavailable,Boevange-sur-Attert | Tuntange
2010,Boulaide,,10,source suppressed,Boulaide
2010,Bourscheid,,19,source suppressed,Bourscheid
2010,Bous-Waldbredimus,,39,component unavailable,Bous | Waldbredimus
2010,Schengen,,140,component unavailable,Burmerange | Schengen | Wellenstein
2010,Clervaux,,78,component unavailable,Clervaux | Heinerscheid | Munshausen
2010,Colmar-Berg,11.5646745,49,published,Colmar-Berg
2010,Consdorf,,12,source suppressed,Consdorf
2010,Parc Hosingen,,39,component unavailable,Consthum | Hoscheid | Hosingen
2010,Contern,14.1982318,91,published,Contern
2010,Dalheim,,4,source suppressed,Dalheim
2010,Diekirch,11.6207772,76,published,Diekirch
2010,Differdange,13.585109,442,published,Differdange
2010,Dippach,14.550342,61,published,Dippach
2010,Dudelange,12.8067778,263,published,Dudelange
2010,Echternach,12.9839132,135,published,Echternach
2010,Ell,10.5740589,37,published,Ell
2010,Vallée de l'Ernz,,16,component unavailable,Ermsdorf | Medernach
2010,Erpeldange-sur-Sûre,11.7170422,34,published,Erpeldange
2010,Esch-sur-Alzette,13.71926,889,published,Esch-sur-Alzette
2010,Esch-sur-Sûre,,30,component unavailable,Esch-sur-Sûre | Heiderscheid | Neunhausen
2010,Wiltz,,92,component unavailable,Eschweiler | Wiltz
2010,Ettelbruck,12.1718079,230,published,Ettelbruck
2010,Feulen,,10,source suppressed,Feulen
2010,Fischbach,13.7589151,30,published,Fischbach
2010,Flaxweiler,12.6838527,39,published,Flaxweiler
2010,Frisange,13.9974717,59,published,Frisange
2010,Garnich,,21,source suppressed,Garnich
2010,Goesdorf,,14,source suppressed,Goesdorf
2010,Grevenmacher,12.331509,166,published,Grevenmacher
2010,Groussbus-Wal,,16,component unavailable,Grosbous | Wahl
2010,Heffingen,,2,source suppressed,Heffingen
2010,Hesperange,14.276644599999997,837,published,Hesperange
2010,Habscht,,68,component unavailable,Hobscheid | Septfontaines
2010,Junglinster,14.519333,94,published,Junglinster
2010,Kayl,13.571282799999999,79,published,Kayl
2010,Kehlen,11.7208915,83,published,Kehlen
2010,Kiischpelt,,12,source suppressed,Kiischpelt
2010,Koerich,,25,source suppressed,Koerich
2010,Kopstal,14.384355,185,published,Kopstal
2010,Lac de la Haute-Sûre,,9,source suppressed,Lac de la Haute-Sûre
2010,Larochette,11.6797543,41,published,Larochette
2010,Lenningen,,26,source suppressed,Lenningen
2010,Leudelange,14.4604913,74,published,Leudelange
2010,Lintgen,12.3298154,50,published,Lintgen
2010,Lorentzweiler,13.3512798,116,published,Lorentzweiler
2010,Luxembourg,17.392359,7883,published,Luxembourg-Ville
2010,Mamer,13.8368556,534,published,Mamer
2010,Manternach,,15,source suppressed,Manternach
2010,Mersch,12.7301849,292,published,Mersch
2010,Mertert,11.285162300000001,96,published,Mertert
2010,Mertzig,,20,source suppressed,Mertzig
2010,Rosport-Mompach,,16,component unavailable,Mompach | Rosport
2010,Mondercange,13.676572,78,published,Mondercange
2010,Mondorf-les-Bains,12.9516049,132,published,Mondorf-les-Bains
2010,Niederanven,14.7019906,113,published,Niederanven
2010,Nommern,,4,source suppressed,Nommern
2010,Pétange,13.3842235,420,published,Pétange
2010,Préizerdaul,,1,source suppressed,Préizerdaul
2010,Putscheid,,8,source suppressed,Putscheid
2010,Rambrouch,,17,source suppressed,Rambrouch
2010,Reckange-sur-Mess,,21,source suppressed,Reckange-sur-Mess
2010,Redange/Attert,10.750919,37,published,Redange-sur-Attert
2010,Reisdorf,,25,source suppressed,Reisdorf
2010,Remich,13.985398200000002,202,published,Remich
2010,Roeser,13.462411,279,published,Roeser
2010,Rumelange,14.293455,32,published,Rumelange
2010,Saeul,,12,source suppressed,Saeul
2010,Sandweiler,15.1462976,109,published,Sandweiler
2010,Sanem,12.491706,162,published,Sanem
2010,Schieren,,7,source suppressed,Schieren
2010,Schifflange,13.0487839,92,published,Schifflange
2010,Schuttrange,12.918435,68,published,Schuttrange
2010,Stadtbredimus,,27,source suppressed,Stadtbredimus
2010,Steinfort,12.1185515,80,published,Steinfort
2010,Steinsel,13.5929506,86,published,Steinsel
2010,Strassen,16.6616676,646,published,Strassen
2010,Tandel,,2,source suppressed,Tandel
2010,Troisvierges,,18,source suppressed,Troisvierges
2010,Useldange,,11,source suppressed,Useldange
2010,Vianden,,8,source suppressed,Vianden
2010,Vichten,11.667685,36,published,Vichten
2010,Waldbillig,,11,source suppressed,Waldbillig
2010,Walferdange,14.121947,462,published,Walferdange
2010,Weiler-la-Tour,,23,source suppressed,Weiler-la-Tour
2010,Weiswampach,,29,source suppressed,Weiswampach
2010,Wincrange,,25,source suppressed,Wincrange
2010,Winseler,,26,source suppressed,Winseler
2010,Wormeldange,10.9394342,53,published,Wormeldange
2011,Käerjeng,,180,component unavailable,Bascharage | Clémency
2011,Beaufort,,25,source suppressed,Beaufort
2011,Bech,,8,source suppressed,Bech
2011,Beckerich,,28,source suppressed,Beckerich
2011,Berdorf,,12,source suppressed,Berdorf
2011,Bertrange,15.086770537899277,294,published,Bertrange
2011,Bettembourg,13.531154189025079,96,published,Bettembourg
2011,Bettendorf,,6,source suppressed,Bettendorf
2011,Betzdorf,13.922045975658177,55,published,Betzdorf
2011,Bissen,12.31687947820897,31,published,Bissen
2011,Biwer,,8,source suppressed,Biwer
2011,Helperknapp,,20,component unavailable,Boevange-sur-Attert | Tuntange
2011,Boulaide,,8,source suppressed,Boulaide
2011,Bourscheid,,14,source suppressed,Bourscheid
2011,Bous-Waldbredimus,,16,component unavailable,Bous | Waldbredimus
2011,Schengen,,100,component unavailable,Burmerange | Schengen | Wellenstein
2011,Clervaux,,130,component unavailable,Clervaux | Heinerscheid | Munshausen
2011,Colmar-Berg,11.828746827881911,36,published,Colmar-Berg
2011,Consdorf,,9,source suppressed,Consdorf
2011,Parc Hosingen,,18,component unavailable,Consthum | Hoscheid | Hosingen
2011,Contern,13.39351839111744,55,published,Contern
2011,Dalheim,,4,source suppressed,Dalheim
2011,Diekirch,11.628928559658977,138,published,Diekirch
2011,Differdange,13.91574509706336,409,published,Differdange
2011,Dippach,14.813816045381522,100,published,Dippach
2011,Dudelange,13.917879220063114,188,published,Dudelange
2011,Echternach,12.934801758490053,106,published,Echternach
2011,Ell,,12,source suppressed,Ell
2011,Vallée de l'Ernz,,24,component unavailable,Ermsdorf | Medernach
2011,Erpeldange-sur-Sûre,,29,source suppressed,Erpeldange
2011,Esch-sur-Alzette,14.757758785427084,1022,published,Esch-sur-Alzette
2011,Esch-sur-Sûre,,27,component unavailable,Esch-sur-Sûre | Heiderscheid | Neunhausen
2011,Wiltz,,100,component unavailable,Eschweiler | Wiltz
2011,Ettelbruck,12.202544017139434,188,published,Ettelbruck
2011,Feulen,,15,source suppressed,Feulen
2011,Fischbach,,12,source suppressed,Fischbach
2011,Flaxweiler,,12,source suppressed,Flaxweiler
2011,Frisange,13.046014512366982,58,published,Frisange
2011,Garnich,,15,source suppressed,Garnich
2011,Goesdorf,,8,source suppressed,Goesdorf
2011,Grevenmacher,12.685530172148336,104,published,Grevenmacher
2011,Groussbus-Wal,,18,component unavailable,Grosbous | Wahl
2011,Heffingen,,9,source suppressed,Heffingen
2011,Hesperange,14.887611585154374,743,published,Hesperange
2011,Habscht,,84,component unavailable,Hobscheid | Septfontaines
2011,Junglinster,15.147897427613033,74,published,Junglinster
2011,Kayl,14.542830640236083,70,published,Kayl
2011,Kehlen,12.889320511114102,49,published,Kehlen
2011,Kiischpelt,,7,source suppressed,Kiischpelt
2011,Koerich,,9,source suppressed,Koerich
2011,Kopstal,15.297208688691812,63,published,Kopstal
2011,Lac de la Haute-Sûre,,15,source suppressed,Lac de la Haute-Sûre
2011,Larochette,,28,source suppressed,Larochette
2011,Lenningen,,22,source suppressed,Lenningen
2011,Leudelange,14.535365839353807,48,published,Leudelange
2011,Lintgen,,26,source suppressed,Lintgen
2011,Lorentzweiler,14.223330979944677,67,published,Lorentzweiler
2011,Luxembourg,18.478135186926828,6723,published,Luxembourg-Ville
2011,Mamer,14.002066335524662,398,published,Mamer
2011,Manternach,,11,source suppressed,Manternach
2011,Mersch,13.162418973070055,192,published,Mersch
2011,Mertert,11.869260304536281,70,published,Mertert
2011,Mertzig,,4,source suppressed,Mertzig
2011,Rosport-Mompach,,12,component unavailable,Mompach | Rosport
2011,Mondercange,14.67817046620749,86,published,Mondercange
2011,Mondorf-les-Bains,13.254118496054828,114,published,Mondorf-les-Bains
2011,Niederanven,15.69637462729296,65,published,Niederanven
2011,Nommern,,11,source suppressed,Nommern
2011,Pétange,13.98454152719454,291,published,Pétange
2011,Préizerdaul,,4,source suppressed,Préizerdaul
2011,Putscheid,,5,source suppressed,Putscheid
2011,Rambrouch,,15,source suppressed,Rambrouch
2011,Reckange-sur-Mess,,22,source suppressed,Reckange-sur-Mess
2011,Redange/Attert,11.66950343758549,48,published,Redange-sur-Attert
2011,Reisdorf,,13,source suppressed,Reisdorf
2011,Remich,13.84532133473582,134,published,Remich
2011,Roeser,14.014683389907075,115,published,Roeser
2011,Rumelange,,20,source suppressed,Rumelange
2011,Saeul,,13,source suppressed,Saeul
2011,Sandweiler,14.587795954354457,103,published,Sandweiler
2011,Sanem,12.618088613435189,146,published,Sanem
2011,Schieren,,11,source suppressed,Schieren
2011,Schifflange,14.886071824897018,110,published,Schifflange
2011,Schuttrange,14.973053246135477,66,published,Schuttrange
2011,Stadtbredimus,,20,source suppressed,Stadtbredimus
2011,Steinfort,14.360103450694652,57,published,Steinfort
2011,Steinsel,14.081702589374824,120,published,Steinsel
2011,Strassen,17.477002034592935,467,published,Strassen
2011,Tandel,,0,source suppressed,Tandel
2011,Troisvierges,,23,source suppressed,Troisvierges
2011,Useldange,,5,source suppressed,Useldange
2011,Vianden,,5,source suppressed,Vianden
2011,Vichten,,29,source suppressed,Vichten
2011,Waldbillig,,8,source suppressed,Waldbillig
2011,Walferdange,14.252128408135102,329,published,Walferdange
2011,Weiler-la-Tour,,20,source suppressed,Weiler-la-Tour
2011,Weiswampach,,18,source suppressed,Weiswampach
2011,Wincrange,,17,source suppressed,Wincrange
2011,Winseler,,27,source suppressed,Winseler
2011,Wormeldange,11.239094887586482,46,published,Wormeldange
2012,Beaufort,13.32837,30,published,Beaufort
2012,Bech,,3,source suppressed,Bech
2012,Beckerich,,16,source suppressed,Beckerich
2012,Berdorf,,15,source suppressed,Berdorf
2012,Bertrange,16.28477,145,published,Bertrange
2012,Bettembourg,13.10785,85,published,Bettembourg
2012,Bettendorf,,16,source suppressed,Bettendorf
2012,Betzdorf,,18,source suppressed,Betzdorf
2012,Bissen,14.594159999999999,41,published,Bissen
2012,Biwer,,5,source suppressed,Biwer
2012,Helperknapp,,23,component unavailable,Boevange-sur-Attert | Tuntange
2012,Boulaide,,1,source suppressed,Boulaide
2012,Bourscheid,,28,source suppressed,Bourscheid
2012,Bous-Waldbredimus,,26,component unavailable,Bous | Waldbredimus
2012,Clervaux,11.768150000000002,90,published,Clervaux
2012,Colmar-Berg,12.78794,42,published,Colmar-Berg
2012,Consdorf,,6,source suppressed,Consdorf
2012,Contern,,21,source suppressed,Contern
2012,Dalheim,,5,source suppressed,Dalheim
2012,Diekirch,13.51644,237,published,Diekirch
2012,Differdange,15.23383,243,published,Differdange
2012,Dippach,15.74502,45,published,Dippach
2012,Dudelange,15.272319999999999,173,published,Dudelange
2012,Echternach,13.05121,54,published,Echternach
2012,Ell,,15,source suppressed,Ell
2012,Erpeldange-sur-Sûre,12.07727,47,published,Erpeldange
2012,Esch-sur-Alzette,16.07667,751,published,Esch-sur-Alzette
2012,Esch-sur-Sûre,,26,source suppressed,Esch-sur-Sûre
2012,Wiltz,,79,component unavailable,Eschweiler | Wiltz
2012,Ettelbruck,12.99538,177,published,Ettelbruck
2012,Feulen,,10,source suppressed,Feulen
2012,Fischbach,,26,source suppressed,Fischbach
2012,Flaxweiler,,5,source suppressed,Flaxweiler
2012,Frisange,14.00508,37,published,Frisange
2012,Garnich,,5,source suppressed,Garnich
2012,Goesdorf,,11,source suppressed,Goesdorf
2012,Grevenmacher,13.19734,61,published,Grevenmacher
2012,Groussbus-Wal,,5,component unavailable,Grosbous | Wahl
2012,Heffingen,,4,source suppressed,Heffingen
2012,Hesperange,15.202970000000002,359,published,Hesperange
2012,Habscht,,57,component unavailable,Hobscheid | Septfontaines
2012,Junglinster,15.089009999999998,36,published,Junglinster
2012,Käerjeng,13.38376,132,published,Kaerjeng
2012,Kayl,14.72853,53,published,Kayl
2012,Kehlen,13.04774,35,published,Kehlen
2012,Kiischpelt,,6,source suppressed,Kiischpelt
2012,Koerich,,14,source suppressed,Koerich
2012,Kopstal,16.60165,66,published,Kopstal
2012,Lac de la Haute-Sûre,,15,source suppressed,Lac de la Haute-Sûre
2012,Larochette,,28,source suppressed,Larochette
2012,Lenningen,,5,source suppressed,Lenningen
2012,Leudelange,14.932830000000001,38,published,Leudelange
2012,Lintgen,,21,source suppressed,Lintgen
2012,Lorentzweiler,13.76583,47,published,Lorentzweiler
2012,Luxembourg,18.93309,3947,published,Luxembourg
2012,Mamer,13.8128,140,published,Mamer
2012,Manternach,,16,source suppressed,Manternach
2012,Mersch,13.15081,177,published,Mersch
2012,Mertert,12.63547,37,published,Mertert
2012,Mertzig,,5,source suppressed,Mertzig
2012,Rosport-Mompach,,8,component unavailable,Mompach | Rosport
2012,Mondercange,14.60926,47,published,Mondercange
2012,Mondorf-les-Bains,15.87208,153,published,Mondorf-les-Bains
2012,Niederanven,18.32952,94,published,Niederanven
2012,Nommern,,4,source suppressed,Nommern
2012,Parc Hosingen,,10,source suppressed,Parc Hosingen
2012,Pétange,15.75968,285,published,Petange
2012,Préizerdaul,,15,source suppressed,Préizerdaul
2012,Putscheid,,12,source suppressed,Putscheid
2012,Rambrouch,,13,source suppressed,Rambrouch
2012,Reckange-sur-Mess,,12,source suppressed,Reckange-sur-Mess
2012,Redange/Attert,13.36489,35,published,Redange-sur-Attert
2012,Reisdorf,,15,source suppressed,Reisdorf
2012,Remich,14.81872,95,published,Remich
2012,Roeser,13.988589999999999,77,published,Roeser
2012,Rumelange,,24,source suppressed,Rumelange
2012,Saeul,,13,source suppressed,Saeul
2012,Sandweiler,15.035530000000001,54,published,Sandweiler
2012,Sanem,14.2661,121,published,Sanem
2012,Schengen,13.19362,67,published,Schengen
2012,Schieren,,15,source suppressed,Schieren
2012,Schifflange,14.76431,51,published,Schifflange
2012,Schuttrange,14.322,38,published,Schuttrange
2012,Stadtbredimus,,15,source suppressed,Stadtbredimus
2012,Steinfort,13.9897,34,published,Steinfort
2012,Steinsel,14.037999999999998,78,published,Steinsel
2012,Strassen,18.32835,261,published,Strassen
2012,Tandel,,8,source suppressed,Tandel
2012,Troisvierges,,17,source suppressed,Troisvierges
2012,Useldange,,1,source suppressed,Useldange
2012,Vallée de l'Ernz,,15,source suppressed,Vallée de l'Ernz
2012,Vianden,,10,source suppressed,Vianden
2012,Vichten,,18,source suppressed,Vichten
2012,Waldbillig,,10,source suppressed,Waldbillig
2012,Walferdange,15.08405,158,published,Walferdange
2012,Weiler-la-Tour,,19,source suppressed,Weiler-la-Tour
2012,Weiswampach,,8,source suppressed,Weiswampach
2012,Wincrange,,12,source suppressed,Wincrange
2012,Winseler,,28,source suppressed,Winseler
2012,Wormeldange,11.53682,43,published,Wormeldange
2013,Beaufort,,23,source suppressed,Beaufort
2013,Bech,,0,source suppressed,Bech
2013,Beckerich,,4,source suppressed,Beckerich
2013,Berdorf,,11,source suppressed,Berdorf
2013,Bertrange,17.2802418845006,84,published,Bertrange
2013,Bettembourg,15.527338900447202,52,published,Bettembourg
2013,Bettendorf,,15,source suppressed,Bettendorf
2013,Betzdorf,,21,source suppressed,Betzdorf
2013,Bissen,,24,source suppressed,Bissen
2013,Biwer,,1,source suppressed,Biwer
2013,Helperknapp,,16,component unavailable,Boevange-sur-Attert | Tuntange
2013,Boulaide,,3,source suppressed,Boulaide
2013,Bourscheid,12.6436418435032,30,published,Bourscheid
2013,Bous-Waldbredimus,,24,component unavailable,Bous | Waldbredimus
2013,Clervaux,11.925289751859,51,published,Clervaux
2013,Colmar-Berg,13.0115058143715,39,published,Colmar-Berg
2013,Consdorf,,2,source suppressed,Consdorf
2013,Contern,,17,source suppressed,Contern
2013,Dalheim,,6,source suppressed,Dalheim
2013,Diekirch,13.7919391539341,191,published,Diekirch
2013,Differdange,15.1844465877147,229,published,Differdange
2013,Dippach,,29,source suppressed,Dippach
2013,Dudelange,15.2985767393518,118,published,Dudelange
2013,Echternach,12.6134155020134,40,published,Echternach
2013,Ell,,9,source suppressed,Ell
2013,Erpeldange-sur-Sûre,,19,source suppressed,Erpeldange
2013,Esch-sur-Alzette,16.4312502879233,515,published,Esch-sur-Alzette
2013,Esch-sur-Sûre,,17,source suppressed,Esch-sur-Sûre
2013,Wiltz,,58,component unavailable,Eschweiler | Wiltz
2013,Ettelbruck,12.9220394013978,159,published,Ettelbruck
2013,Feulen,,4,source suppressed,Feulen
2013,Fischbach,13.5514605971811,30,published,Fischbach
2013,Flaxweiler,,4,source suppressed,Flaxweiler
2013,Frisange,15.7776153857427,30,published,Frisange
2013,Garnich,,8,source suppressed,Garnich
2013,Goesdorf,,9,source suppressed,Goesdorf
2013,Grevenmacher,13.7296125574768,59,published,Grevenmacher
2013,Groussbus-Wal,,7,component unavailable,Grosbous | Wahl
2013,Heffingen,,8,source suppressed,Heffingen
2013,Hesperange,16.4873647911975,224,published,Hesperange
2013,Habscht,,29,component unavailable,Hobscheid | Septfontaines
2013,Junglinster,,29,source suppressed,Junglinster
2013,Käerjeng,13.513905200201,89,published,Kaerjeng
2013,Kayl,17.6554197928978,43,published,Kayl
2013,Kehlen,,11,source suppressed,Kehlen
2013,Kiischpelt,,5,source suppressed,Kiischpelt
2013,Koerich,,1,source suppressed,Koerich
2013,Kopstal,17.450348220001697,60,published,Kopstal
2013,Lac de la Haute-Sûre,,6,source suppressed,Lac de la Haute-Sûre
2013,Larochette,,14,source suppressed,Larochette
2013,Lenningen,,5,source suppressed,Lenningen
2013,Leudelange,16.1536066700831,46,published,Leudelange
2013,Lintgen,,17,source suppressed,Lintgen
2013,Lorentzweiler,,15,source suppressed,Lorentzweiler
2013,Luxembourg,21.1363031519408,2719,published,Luxembourg
2013,Mamer,16.8805591720291,77,published,Mamer
2013,Manternach,,7,source suppressed,Manternach
2013,Mersch,13.4254973341849,133,published,Mersch
2013,Mertert,,21,source suppressed,Mertert
2013,Mertzig,,5,source suppressed,Mertzig
2013,Rosport-Mompach,,3,component unavailable,Mompach | Rosport
2013,Mondercange,18.6628117057778,32,published,Mondercange
2013,Mondorf-les-Bains,15.2091200107846,58,published,Mondorf-les-Bains
2013,Niederanven,18.6684633368664,63,published,Niederanven
2013,Nommern,,16,source suppressed,Nommern
2013,Parc Hosingen,,18,source suppressed,Parc Hosingen
2013,Pétange,16.1896522292756,201,published,Petange
2013,Préizerdaul,,8,source suppressed,Préizerdaul
2013,Putscheid,,14,source suppressed,Putscheid
2013,Rambrouch,,11,source suppressed,Rambrouch
2013,Reckange-sur-Mess,,11,source suppressed,Reckange-sur-Mess
2013,Redange/Attert,,15,source suppressed,Redange-sur-Attert
2013,Reisdorf,,28,source suppressed,Reisdorf
2013,Remich,14.7787512102573,64,published,Remich
2013,Roeser,15.4912406841163,74,published,Roeser
2013,Rumelange,,17,source suppressed,Rumelange
2013,Saeul,,9,source suppressed,Saeul
2013,Sandweiler,,24,source suppressed,Sandweiler
2013,Sanem,15.283207961856402,122,published,Sanem
2013,Schengen,12.7574006783541,30,published,Schengen
2013,Schieren,,12,source suppressed,Schieren
2013,Schifflange,14.8648283490566,68,published,Schifflange
2013,Schuttrange,,13,source suppressed,Schuttrange
2013,Stadtbredimus,,14,source suppressed,Stadtbredimus
2013,Steinfort,,20,source suppressed,Steinfort
2013,Steinsel,,27,source suppressed,Steinsel
2013,Strassen,19.218153319767,144,published,Strassen
2013,Tandel,,4,source suppressed,Tandel
2013,Troisvierges,,14,source suppressed,Troisvierges
2013,Useldange,,4,source suppressed,Useldange
2013,Vallée de l'Ernz,,6,source suppressed,Vallée de l'Ernz
2013,Vianden,,8,source suppressed,Vianden
2013,Vichten,,13,source suppressed,Vichten
2013,Waldbillig,,3,source suppressed,Waldbillig
2013,Walferdange,16.3952639167952,92,published,Walferdange
2013,Weiler-la-Tour,,9,source suppressed,Weiler-la-Tour
2013,Weiswampach,,20,source suppressed,Weiswampach
2013,Wincrange,,7,source suppressed,Wincrange
2013,Winseler,,11,source suppressed,Winseler
2013,Wormeldange,,27,source suppressed,Wormeldange
2014,Beaufort,,12,source suppressed,Beaufort
2014,Bech,,0,source suppressed,Bech
2014,Beckerich,,2,source suppressed,Beckerich
2014,Berdorf,,5,source suppressed,Berdorf
2014,Bertrange,19.239813707394635,87,published,Bertrange
2014,Bettembourg,16.007830527902993,40,published,Bettembourg
2014,Bettendorf,,9,source suppressed,Bettendorf
2014,Betzdorf,,13,source suppressed,Betzdorf
2014,Bissen,,11,source suppressed,Bissen
2014,Biwer,,2,source suppressed,Biwer
2014,Helperknapp,,11,component unavailable,Boevange-sur-Attert | Tuntange
2014,Boulaide,,1,source suppressed,Boulaide
2014,Bourscheid,,18,source suppressed,Bourscheid
2014,Bous-Waldbredimus,,13,component unavailable,Bous | Waldbredimus
2014,Clervaux,11.952898247748012,38,published,Clervaux
2014,Colmar-Berg,,23,source suppressed,Colmar-Berg
2014,Consdorf,,1,source suppressed,Consdorf
2014,Contern,,15,source suppressed,Contern
2014,Dalheim,,8,source suppressed,Dalheim
2014,Diekirch,13.60981274510002,145,published,Diekirch
2014,Differdange,15.67675449058268,208,published,Differdange
2014,Dippach,,19,source suppressed,Dippach
2014,Dudelange,15.488465613002619,110,published,Dudelange
2014,Echternach,,15,source suppressed,Echternach
2014,Ell,,5,source suppressed,Ell
2014,Erpeldange-sur-Sûre,,16,source suppressed,Erpeldange
2014,Esch-sur-Alzette,16.13934846648088,452,published,Esch-sur-Alzette
2014,Esch-sur-Sûre,,14,source suppressed,Esch-sur-Sûre
2014,Wiltz,,41,component unavailable,Eschweiler | Wiltz
2014,Ettelbruck,14.393638831190414,86,published,Ettelbruck
2014,Feulen,,7,source suppressed,Feulen
2014,Fischbach,,9,source suppressed,Fischbach
2014,Flaxweiler,,3,source suppressed,Flaxweiler
2014,Frisange,14.719672967365872,36,published,Frisange
2014,Garnich,,3,source suppressed,Garnich
2014,Goesdorf,,7,source suppressed,Goesdorf
2014,Grevenmacher,13.68034929787148,54,published,Grevenmacher
2014,Groussbus-Wal,,6,component unavailable,Grosbous | Wahl
2014,Heffingen,,4,source suppressed,Heffingen
2014,Hesperange,17.41208628281223,203,published,Hesperange
2014,Habscht,,15,component unavailable,Hobscheid | Septfontaines
2014,Junglinster,15.211721831310197,40,published,Junglinster
2014,Käerjeng,13.456256763499942,63,published,Kaerjeng
2014,Kayl,15.836979593104088,48,published,Kayl
2014,Kehlen,,18,source suppressed,Kehlen
2014,Kiischpelt,,11,source suppressed,Kiischpelt
2014,Koerich,,6,source suppressed,Koerich
2014,Kopstal,17.922270786225578,47,published,Kopstal
2014,Lac de la Haute-Sûre,,7,source suppressed,Lac de la Haute-Sûre
2014,Larochette,,9,source suppressed,Larochette
2014,Lenningen,,5,source suppressed,Lenningen
2014,Leudelange,17.16807875159362,44,published,Leudelange
2014,Lintgen,,12,source suppressed,Lintgen
2014,Lorentzweiler,,17,source suppressed,Lorentzweiler
2014,Luxembourg,22.311039380966502,2269,published,Luxembourg
2014,Mamer,19.8423141377008,82,published,Mamer
2014,Manternach,,6,source suppressed,Manternach
2014,Mersch,14.395540213102505,108,published,Mersch
2014,Mertert,,20,source suppressed,Mertert
2014,Mertzig,,4,source suppressed,Mertzig
2014,Rosport-Mompach,,2,component unavailable,Mompach | Rosport
2014,Mondercange,,20,source suppressed,Mondercange
2014,Mondorf-les-Bains,15.68204050119044,41,published,Mondorf-les-Bains
2014,Niederanven,22.43399327064573,30,published,Niederanven
2014,Nommern,,9,source suppressed,Nommern
2014,Parc Hosingen,,14,source suppressed,Parc Hosingen
2014,Pétange,16.028919854042766,155,published,Petange
2014,Préizerdaul,,1,source suppressed,Préizerdaul
2014,Putscheid,,9,source suppressed,Putscheid
2014,Rambrouch,,6,source suppressed,Rambrouch
2014,Reckange-sur-Mess,,7,source suppressed,Reckange-sur-Mess
2014,Redange/Attert,,18,source suppressed,Redange-sur-Attert
2014,Reisdorf,,25,source suppressed,Reisdorf
2014,Remich,15.940288409034778,42,published,Remich
2014,Roeser,16.68580780416657,55,published,Roeser
2014,Rumelange,,25,source suppressed,Rumelange
2014,Saeul,,9,source suppressed,Saeul
2014,Sandweiler,,17,source suppressed,Sandweiler
2014,Sanem,15.952551195769054,109,published,Sanem
2014,Schengen,,9,source suppressed,Schengen
2014,Schieren,,13,source suppressed,Schieren
2014,Schifflange,16.155830040989667,70,published,Schifflange
2014,Schuttrange,,20,source suppressed,Schuttrange
2014,Stadtbredimus,,12,source suppressed,Stadtbredimus
2014,Steinfort,,17,source suppressed,Steinfort
2014,Steinsel,,17,source suppressed,Steinsel
2014,Strassen,19.05066348290274,135,published,Strassen
2014,Tandel,,3,source suppressed,Tandel
2014,Troisvierges,,12,source suppressed,Troisvierges
2014,Useldange,,8,source suppressed,Useldange
2014,Vallée de l'Ernz,,7,source suppressed,Vallée de l'Ernz
2014,Vianden,,8,source suppressed,Vianden
2014,Vichten,,6,source suppressed,Vichten
2014,Waldbillig,,5,source suppressed,Waldbillig
2014,Walferdange,17.308099547021936,59,published,Walferdange
2014,Weiler-la-Tour,,1,source suppressed,Weiler-la-Tour
2014,Weiswampach,,16,source suppressed,Weiswampach
2014,Wincrange,,3,source suppressed,Wincrange
2014,Winseler,,10,source suppressed,Winseler
2014,Wormeldange,,15,source suppressed,Wormeldange
2015,Beaufort,,3,source suppressed,Beaufort
2015,Bech,,3,source suppressed,Bech
2015,Beckerich,,9,source suppressed,Beckerich
2015,Berdorf,,12,source suppressed,Berdorf
2015,Bertrange,20.544258211940786,190,published,Bertrange
2015,Bettembourg,16.725865593342416,73,published,Bettembourg
2015,Bettendorf,,11,source suppressed,Bettendorf
2015,Betzdorf,,13,source suppressed,Betzdorf
2015,Bissen,,3,source suppressed,Bissen
2015,Biwer,,8,source suppressed,Biwer
2015,Helperknapp,,27,component unavailable,Boevange-sur-Attert | Tuntange
2015,Boulaide,,6,source suppressed,Boulaide
2015,Bourscheid,,12,source suppressed,Bourscheid
2015,Bous-Waldbredimus,,12,component unavailable,Bous | Waldbredimus
2015,Clervaux,,29,source suppressed,Clervaux
2015,Colmar-Berg,,28,source suppressed,Colmar-Berg
2015,Consdorf,,3,source suppressed,Consdorf
2015,Contern,,21,source suppressed,Contern
2015,Dalheim,,2,source suppressed,Dalheim
2015,Diekirch,14.885020475294114,133,published,Diekirch
2015,Differdange,16.360295147684752,225,published,Differdange
2015,Dippach,,23,source suppressed,Dippach
2015,Dudelange,16.857593344609253,104,published,Dudelange
2015,Echternach,,22,source suppressed,Echternach
2015,Ell,,15,source suppressed,Ell
2015,Erpeldange-sur-Sûre,13.688625449902034,35,published,Erpeldange
2015,Esch-sur-Alzette,16.773862169858745,575,published,Esch-sur-Alzette
2015,Esch-sur-Sûre,,8,source suppressed,Esch-sur-Sûre
2015,Ettelbruck,14.857568730054565,106,published,Ettelbruck
2015,Feulen,,10,source suppressed,Feulen
2015,Fischbach,,12,source suppressed,Fischbach
2015,Flaxweiler,,5,source suppressed,Flaxweiler
2015,Frisange,15.11063570008603,40,published,Frisange
2015,Garnich,,3,source suppressed,Garnich
2015,Goesdorf,,8,source suppressed,Goesdorf
2015,Grevenmacher,14.416886614687296,45,published,Grevenmacher
2015,Groussbus-Wal,,1,component unavailable,Grosbous | Wahl
2015,Heffingen,,1,source suppressed,Heffingen
2015,Hesperange,17.371166726958457,222,published,Hesperange
2015,Habscht,,35,component unavailable,Hobscheid | Septfontaines
2015,Junglinster,,26,source suppressed,Junglinster
2015,Käerjeng,14.108311978444211,72,published,Kaerjeng
2015,Kayl,14.400364880528953,68,published,Kayl
2015,Kehlen,,24,source suppressed,Kehlen
2015,Kiischpelt,,5,source suppressed,Kiischpelt
2015,Koerich,,3,source suppressed,Koerich
2015,Kopstal,18.953116778861887,61,published,Kopstal
2015,Lac de la Haute-Sûre,,5,source suppressed,Lac de la Haute-Sûre
2015,Larochette,,18,source suppressed,Larochette
2015,Lenningen,,4,source suppressed,Lenningen
2015,Leudelange,18.04346226558622,43,published,Leudelange
2015,Lintgen,14.4164094728997,30,published,Lintgen
2015,Lorentzweiler,,25,source suppressed,Lorentzweiler
2015,Luxembourg,22.586649114957126,3076,published,Luxembourg
2015,Mamer,17.799788408760516,117,published,Mamer
2015,Manternach,,6,source suppressed,Manternach
2015,Mersch,15.237754541360413,130,published,Mersch
2015,Mertert,,25,source suppressed,Mertert
2015,Mertzig,,4,source suppressed,Mertzig
2015,Rosport-Mompach,,2,component unavailable,Mompach | Rosport
2015,Mondercange,17.06988257858607,55,published,Mondercange
2015,Mondorf-les-Bains,16.22781054727578,131,published,Mondorf-les-Bains
2015,Niederanven,,28,source suppressed,Niederanven
2015,Nommern,,5,source suppressed,Nommern
2015,Parc Hosingen,,15,source suppressed,Parc Hosingen
2015,Pétange,16.423433213821315,162,published,Petange
2015,Préizerdaul,,0,source suppressed,Préizerdaul
2015,Putscheid,,5,source suppressed,Putscheid
2015,Rambrouch,,8,source suppressed,Rambrouch
2015,Reckange-sur-Mess,,9,source suppressed,Reckange-sur-Mess
2015,Redange/Attert,,10,source suppressed,Redange-sur-Attert
2015,Reisdorf,,3,source suppressed,Reisdorf
2015,Remich,15.050091115221912,47,published,Remich
2015,Roeser,16.832981067412504,51,published,Roeser
2015,Rumelange,,21,source suppressed,Rumelange
2015,Saeul,,8,source suppressed,Saeul
2015,Sandweiler,18.144986352334016,32,published,Sandweiler
2015,Sanem,16.61120863261709,141,published,Sanem
2015,Schengen,16.53304055807721,57,published,Schengen
2015,Schieren,,6,source suppressed,Schieren
2015,Schifflange,16.85853384974119,99,published,Schifflange
2015,Schuttrange,,16,source suppressed,Schuttrange
2015,Stadtbredimus,,13,source suppressed,Stadtbredimus
2015,Steinfort,,28,source suppressed,Steinfort
2015,Steinsel,16.136850056046633,35,published,Steinsel
2015,Strassen,19.847072325405506,156,published,Strassen
2015,Tandel,,2,source suppressed,Tandel
2015,Troisvierges,,8,source suppressed,Troisvierges
2015,Useldange,,9,source suppressed,Useldange
2015,Vallée de l'Ernz,,3,source suppressed,Vallée de l'Ernz
2015,Vianden,,4,source suppressed,Vianden
2015,Vichten,,15,source suppressed,Vichten
2015,Waldbillig,,5,source suppressed,Waldbillig
2015,Walferdange,17.11500339649942,98,published,Walferdange
2015,Weiler-la-Tour,,8,source suppressed,Weiler-la-Tour
2015,Weiswampach,,23,source suppressed,Weiswampach
2015,Wiltz,,19,source suppressed,Wiltz
2015,Wincrange,,3,source suppressed,Wincrange
2015,Winseler,,10,source suppressed,Winseler
2015,Wormeldange,,13,source suppressed,Wormeldange
2016,Beaufort,,12,source suppressed,Beaufort
2016,Bech,,3,source suppressed,Bech
2016,Beckerich,,6,source suppressed,Beckerich
2016,Berdorf,,12,source suppressed,Berdorf
2016,Bertrange,20.497949296161824,139,published,Bertrange
2016,Bettembourg,15.825271214512822,88,published,Bettembourg
2016,Bettendorf,,16,source suppressed,Bettendorf
2016,Betzdorf,,27,source suppressed,Betzdorf
2016,Bissen,,17,source suppressed,Bissen
2016,Biwer,,3,source suppressed,Biwer
2016,Helperknapp,,32,component unavailable,Boevange-sur-Attert | Tuntange
2016,Boulaide,,4,source suppressed,Boulaide
2016,Bourscheid,,14,source suppressed,Bourscheid
2016,Bous-Waldbredimus,,11,component unavailable,Bous | Waldbredimus
2016,Clervaux,12.137133425265771,59,published,Clervaux
2016,Colmar-Berg,,13,source suppressed,Colmar-Berg
2016,Consdorf,,14,source suppressed,Consdorf
2016,Contern,,13,source suppressed,Contern
2016,Dalheim,,8,source suppressed,Dalheim
2016,Diekirch,14.714085468013753,102,published,Diekirch
2016,Differdange,16.79038863844671,265,published,Differdange
2016,Dippach,,27,source suppressed,Dippach
2016,Dudelange,17.702201702105725,153,published,Dudelange
2016,Echternach,,23,source suppressed,Echternach
2016,Ell,,1,source suppressed,Ell
2016,Erpeldange-sur-Sûre,13.366477097099148,30,published,Erpeldange
2016,Esch-sur-Alzette,17.880081326170107,579,published,Esch-sur-Alzette
2016,Esch-sur-Sûre,,15,source suppressed,Esch-sur-Sûre
2016,Ettelbruck,14.744506405691942,74,published,Ettelbruck
2016,Feulen,,7,source suppressed,Feulen
2016,Fischbach,,8,source suppressed,Fischbach
2016,Flaxweiler,,10,source suppressed,Flaxweiler
2016,Frisange,17.209410368676174,59,published,Frisange
2016,Garnich,,1,source suppressed,Garnich
2016,Goesdorf,,11,source suppressed,Goesdorf
2016,Grevenmacher,15.63614693372422,42,published,Grevenmacher
2016,Groussbus-Wal,,9,component unavailable,Grosbous | Wahl
2016,Heffingen,,3,source suppressed,Heffingen
2016,Hesperange,19.113394989144062,314,published,Hesperange
2016,Habscht,,48,component unavailable,Hobscheid | Septfontaines
2016,Junglinster,18.279662797858922,55,published,Junglinster
2016,Käerjeng,15.086814298044663,85,published,Kaerjeng
2016,Kayl,18.61066902171954,88,published,Kayl
2016,Kehlen,14.883762150560559,55,published,Kehlen
2016,Kiischpelt,,7,source suppressed,Kiischpelt
2016,Koerich,,12,source suppressed,Koerich
2016,Kopstal,19.478489750065215,80,published,Kopstal
2016,Lac de la Haute-Sûre,,3,source suppressed,Lac de la Haute-Sûre
2016,Larochette,,12,source suppressed,Larochette
2016,Lenningen,,11,source suppressed,Lenningen
2016,Leudelange,16.910048922926773,30,published,Leudelange
2016,Lintgen,,21,source suppressed,Lintgen
2016,Lorentzweiler,16.818831611778066,38,published,Lorentzweiler
2016,Luxembourg,23.45141626834725,3336,published,Luxembourg
2016,Mamer,18.487121960537554,133,published,Mamer
2016,Manternach,,3,source suppressed,Manternach
2016,Mersch,15.827944680761709,107,published,Mersch
2016,Mertert,,23,source suppressed,Mertert
2016,Mertzig,,4,source suppressed,Mertzig
2016,Rosport-Mompach,,2,component unavailable,Mompach | Rosport
2016,Mondercange,18.818664070287554,39,published,Mondercange
2016,Mondorf-les-Bains,16.165818326282213,89,published,Mondorf-les-Bains
2016,Niederanven,23.24624583916413,36,published,Niederanven
2016,Nommern,,2,source suppressed,Nommern
2016,Parc Hosingen,,21,source suppressed,Parc Hosingen
2016,Pétange,17.67546673694238,315,published,Petange
2016,Préizerdaul,,6,source suppressed,Préizerdaul
2016,Putscheid,,2,source suppressed,Putscheid
2016,Rambrouch,,12,source suppressed,Rambrouch
2016,Reckange-sur-Mess,,7,source suppressed,Reckange-sur-Mess
2016,Redange/Attert,,11,source suppressed,Redange-sur-Attert
2016,Reisdorf,,3,source suppressed,Reisdorf
2016,Remich,14.620045049928803,51,published,Remich
2016,Roeser,16.080401298614976,61,published,Roeser
2016,Rumelange,,17,source suppressed,Rumelange
2016,Saeul,,7,source suppressed,Saeul
2016,Sandweiler,,28,source suppressed,Sandweiler
2016,Sanem,18.409578391551573,102,published,Sanem
2016,Schengen,15.940846666860642,30,published,Schengen
2016,Schieren,,6,source suppressed,Schieren
2016,Schifflange,18.162252649770632,165,published,Schifflange
2016,Schuttrange,,11,source suppressed,Schuttrange
2016,Stadtbredimus,,12,source suppressed,Stadtbredimus
2016,Steinfort,17.009597436169948,34,published,Steinfort
2016,Steinsel,,22,source suppressed,Steinsel
2016,Strassen,21.184942255118784,188,published,Strassen
2016,Tandel,,3,source suppressed,Tandel
2016,Troisvierges,,15,source suppressed,Troisvierges
2016,Useldange,,10,source suppressed,Useldange
2016,Vallée de l'Ernz,,10,source suppressed,Vallée de l'Ernz
2016,Vianden,,9,source suppressed,Vianden
2016,Vichten,,6,source suppressed,Vichten
2016,Waldbillig,,7,source suppressed,Waldbillig
2016,Walferdange,18.425893730621933,100,published,Walferdange
2016,Weiler-la-Tour,,12,source suppressed,Weiler-la-Tour
2016,Weiswampach,15.57024206156496,49,published,Weiswampach
2016,Wiltz,13.123142231530332,47,published,Wiltz
2016,Wincrange,,14,source suppressed,Wincrange
2016,Winseler,,16,source suppressed,Winseler
2016,Wormeldange,,7,source suppressed,Wormeldange
2017,Beaufort,,9,source suppressed,Beaufort
2017,Bech,,3,source suppressed,Bech
2017,Beckerich,,13,source suppressed,Beckerich
2017,Berdorf,,6,source suppressed,Berdorf
2017,Bertrange,21.56324564,213,published,Bertrange
2017,Bettembourg,17.59046101,110,published,Bettembourg
2017,Bettendorf,,15,source suppressed,Bettendorf
2017,Betzdorf,,19,source suppressed,Betzdorf
2017,Bissen,,12,source suppressed,Bissen
2017,Biwer,,11,source suppressed,Biwer
2017,Helperknapp,,41,component unavailable,Boevange-sur-Attert | Tuntange
2017,Boulaide,,3,source suppressed,Boulaide
2017,Bourscheid,,5,source suppressed,Bourscheid
2017,Bous-Waldbredimus,,11,component unavailable,Bous | Waldbredimus
2017,Clervaux,12.01958584,188,published,Clervaux
2017,Colmar-Berg,,21,source suppressed,Colmar-Berg
2017,Consdorf,,7,source suppressed,Consdorf
2017,Contern,19.75684221,55,published,Contern
2017,Dalheim,,15,source suppressed,Dalheim
2017,Diekirch,15.34999256,168,published,Diekirch
2017,Differdange,17.53213837,397,published,Differdange
2017,Dippach,17.74901352,39,published,Dippach
2017,Dudelange,17.56636434,196,published,Dudelange
2017,Echternach,13.65041894,48,published,Echternach
2017,Ell,,12,source suppressed,Ell
2017,Erpeldange-sur-Sûre,,19,source suppressed,Erpeldange
2017,Esch-sur-Alzette,19.24664419,758,published,Esch-sur-Alzette
2017,Esch-sur-Sûre,,15,source suppressed,Esch-sur-Sûre
2017,Ettelbruck,15.8914237,128,published,Ettelbruck
2017,Feulen,,18,source suppressed,Feulen
2017,Fischbach,,12,source suppressed,Fischbach
2017,Flaxweiler,,9,source suppressed,Flaxweiler
2017,Frisange,15.62245771,87,published,Frisange
2017,Garnich,,5,source suppressed,Garnich
2017,Goesdorf,,13,source suppressed,Goesdorf
2017,Grevenmacher,16.62321597,52,published,Grevenmacher
2017,Groussbus-Wal,,6,component unavailable,Grosbous | Wahl
2017,Heffingen,,15,source suppressed,Heffingen
2017,Hesperange,18.29841478,412,published,Hesperange
2017,Habscht,,26,component unavailable,Hobscheid | Septfontaines
2017,Junglinster,18.16264713,45,published,Junglinster
2017,Käerjeng,15.4601088,151,published,Kaerjeng
2017,Kayl,17.48649441,88,published,Kayl
2017,Kehlen,17.11027318,52,published,Kehlen
2017,Kiischpelt,,2,source suppressed,Kiischpelt
2017,Koerich,,10,source suppressed,Koerich
2017,Kopstal,20.98940667,70,published,Kopstal
2017,Lac de la Haute-Sûre,,9,source suppressed,Lac de la Haute-Sûre
2017,Larochette,,11,source suppressed,Larochette
2017,Lenningen,,8,source suppressed,Lenningen
2017,Leudelange,18.76066974,51,published,Leudelange
2017,Lintgen,16.45178661,35,published,Lintgen
2017,Lorentzweiler,,28,source suppressed,Lorentzweiler
2017,Luxembourg,24.72379191,5103,published,Luxembourg
2017,Mamer,19.58261486,263,published,Mamer
2017,Manternach,,10,source suppressed,Manternach
2017,Mersch,15.88926937,122,published,Mersch
2017,Mertert,14.64175561,30,published,Mertert
2017,Mertzig,,18,source suppressed,Mertzig
2017,Rosport-Mompach,,6,component unavailable,Mompach | Rosport
2017,Mondercange,18.77490633,104,published,Mondercange
2017,Mondorf-les-Bains,16.42076145,126,published,Mondorf-les-Bains
2017,Niederanven,20.56288999,49,published,Niederanven
2017,Nommern,,1,source suppressed,Nommern
2017,Parc Hosingen,,20,source suppressed,Parc Hosingen
2017,Pétange,17.30474786,347,published,Petange
2017,Préizerdaul,,5,source suppressed,Préizerdaul
2017,Putscheid,,6,source suppressed,Putscheid
2017,Rambrouch,,13,source suppressed,Rambrouch
2017,Reckange-sur-Mess,,16,source suppressed,Reckange-sur-Mess
2017,Redange/Attert,13.3449437,33,published,Redange-sur-Attert
2017,Reisdorf,,2,source suppressed,Reisdorf
2017,Remich,15.2469232,68,published,Remich
2017,Roeser,17.18293822,107,published,Roeser
2017,Rumelange,,15,source suppressed,Rumelange
2017,Saeul,,8,source suppressed,Saeul
2017,Sandweiler,17.43742216,47,published,Sandweiler
2017,Sanem,16.91916598,151,published,Sanem
2017,Schengen,16.21606876,54,published,Schengen
2017,Schieren,,10,source suppressed,Schieren
2017,Schifflange,17.35737798,152,published,Schifflange
2017,Schuttrange,19.3666853,44,published,Schuttrange
2017,Stadtbredimus,,20,source suppressed,Stadtbredimus
2017,Steinfort,15.23749229,43,published,Steinfort
2017,Steinsel,17.2914744,54,published,Steinsel
2017,Strassen,22.03747854,335,published,Strassen
2017,Tandel,,3,source suppressed,Tandel
2017,Troisvierges,,15,source suppressed,Troisvierges
2017,Useldange,,20,source suppressed,Useldange
2017,Vallée de l'Ernz,,9,source suppressed,Vallée de l'Ernz
2017,Vianden,,7,source suppressed,Vianden
2017,Vichten,,16,source suppressed,Vichten
2017,Waldbillig,,7,source suppressed,Waldbillig
2017,Walferdange,19.99452829,170,published,Walferdange
2017,Weiler-la-Tour,,15,source suppressed,Weiler-la-Tour
2017,Weiswampach,14.42767216,99,published,Weiswampach
2017,Wiltz,14.669487330000003,70,published,Wiltz
2017,Wincrange,,13,source suppressed,Wincrange
2017,Winseler,12.3318994,34,published,Winseler
2017,Wormeldange,,27,source suppressed,Wormeldange
2018,Beaufort,,7,source suppressed,Beaufort
2018,Bech,,1,source suppressed,Bech
2018,Beckerich,,13,source suppressed,Beckerich
2018,Berdorf,,6,source suppressed,Berdorf
2018,Bertrange,21.99362,209,published,Bertrange
2018,Bettembourg,21.19029,133,published,Bettembourg
2018,Bettendorf,,15,source suppressed,Bettendorf
2018,Betzdorf,,21,source suppressed,Betzdorf
2018,Bissen,,25,source suppressed,Bissen
2018,Biwer,,0,source suppressed,Biwer
2018,Boulaide,,4,source suppressed,Boulaide
2018,Bourscheid,,9,source suppressed,Bourscheid
2018,Bous-Waldbredimus,,7,component unavailable,Bous | Waldbredimus
2018,Clervaux,12.648,64,published,Clervaux
2018,Colmar-Berg,,18,source suppressed,Colmar-Berg
2018,Consdorf,,2,source suppressed,Consdorf
2018,Contern,20.43436,52,published,Contern
2018,Dalheim,,3,source suppressed,Dalheim
2018,Diekirch,15.425110000000002,140,published,Diekirch
2018,Differdange,18.6337,239,published,Differdange
2018,Dippach,18.91284,49,published,Dippach
2018,Dudelange,19.49349,138,published,Dudelange
2018,Echternach,15.26393,39,published,Echternach
2018,Ell,,16,source suppressed,Ell
2018,Erpeldange-sur-Sûre,,1,source suppressed,Erpeldange
2018,Esch-sur-Alzette,19.91626,605,published,Esch-sur-Alzette
2018,Esch-sur-Sûre,,18,source suppressed,Esch-sur-Sûre
2018,Ettelbruck,14.39783,139,published,Ettelbruck
2018,Feulen,,10,source suppressed,Feulen
2018,Fischbach,,12,source suppressed,Fischbach
2018,Flaxweiler,,6,source suppressed,Flaxweiler
2018,Frisange,18.76458,47,published,Frisange
2018,Garnich,,2,source suppressed,Garnich
2018,Goesdorf,,2,source suppressed,Goesdorf
2018,Grevenmacher,14.91455,52,published,Grevenmacher
2018,Groussbus-Wal,,5,component unavailable,Grosbous | Wahl
2018,Habscht,16.38032,41,published,Habscht
2018,Heffingen,,7,source suppressed,Heffingen
2018,Helperknapp,,19,source suppressed,Helperknapp
2018,Hesperange,20.2752,427,published,Hesperange
2018,Junglinster,19.72852,74,published,Junglinster
2018,Käerjeng,15.90919,132,published,Kaerjeng
2018,Kayl,20.11086,81,published,Kayl
2018,Kehlen,16.67284,55,published,Kehlen
2018,Kiischpelt,,1,source suppressed,Kiischpelt
2018,Koerich,,14,source suppressed,Koerich
2018,Kopstal,20.78299,78,published,Kopstal
2018,Lac de la Haute-Sûre,,13,source suppressed,Lac de la Haute-Sûre
2018,Larochette,,5,source suppressed,Larochette
2018,Lenningen,,18,source suppressed,Lenningen
2018,Leudelange,20.93694,49,published,Leudelange
2018,Lintgen,,23,source suppressed,Lintgen
2018,Lorentzweiler,21.64509,68,published,Lorentzweiler
2018,Luxembourg,29.03864,7245,published,Luxembourg
2018,Mamer,21.15747,171,published,Mamer
2018,Manternach,,4,source suppressed,Manternach
2018,Mersch,17.30172,115,published,Mersch
2018,Mertert,,29,source suppressed,Mertert
2018,Mertzig,,13,source suppressed,Mertzig
2018,Mondercange,21.01578,55,published,Mondercange
2018,Mondorf-les-Bains,18.81677,145,published,Mondorf-les-Bains
2018,Niederanven,27.62624,58,published,Niederanven
2018,Nommern,,0,source suppressed,Nommern
2018,Parc Hosingen,,21,source suppressed,Parc Hosingen
2018,Pétange,16.91544,236,published,Petange
2018,Préizerdaul,,8,source suppressed,Préizerdaul
2018,Putscheid,,5,source suppressed,Putscheid
2018,Rambrouch,,18,source suppressed,Rambrouch
2018,Reckange-sur-Mess,,10,source suppressed,Reckange-sur-Mess
2018,Redange/Attert,,23,source suppressed,Redange-sur-Attert
2018,Reisdorf,,8,source suppressed,Reisdorf
2018,Remich,13.852610000000002,40,published,Remich
2018,Roeser,21.52495,102,published,Roeser
2018,Rosport-Mompach,,3,source suppressed,Rosport-Mompach
2018,Rumelange,,25,source suppressed,Rumelange
2018,Saeul,,14,source suppressed,Saeul
2018,Sandweiler,20.09457,48,published,Sandweiler
2018,Sanem,19.13667,167,published,Sanem
2018,Schengen,,21,source suppressed,Schengen
2018,Schieren,,10,source suppressed,Schieren
2018,Schifflange,18.75443,123,published,Schifflange
2018,Schuttrange,,25,source suppressed,Schuttrange
2018,Stadtbredimus,,8,source suppressed,Stadtbredimus
2018,Steinfort,20.01636,59,published,Steinfort
2018,Steinsel,18.93048,50,published,Steinsel
2018,Strassen,22.3674,342,published,Strassen
2018,Tandel,,0,source suppressed,Tandel
2018,Troisvierges,,18,source suppressed,Troisvierges
2018,Useldange,,12,source suppressed,Useldange
2018,Vallée de l'Ernz,,2,source suppressed,Vallée de l'Ernz
2018,Vianden,,5,source suppressed,Vianden
2018,Vichten,,6,source suppressed,Vichten
2018,Waldbillig,,19,source suppressed,Waldbillig
2018,Walferdange,20.91845,180,published,Walferdange
2018,Weiler-la-Tour,,18,source suppressed,Weiler-la-Tour
2018,Weiswampach,13.16581,111,published,Weiswampach
2018,Wiltz,13.48065,66,published,Wiltz
2018,Wincrange,,25,source suppressed,Wincrange
2018,Winseler,,19,source suppressed,Winseler
2018,Wormeldange,,21,source suppressed,Wormeldange
2019,Beaufort,,9,source suppressed,Beaufort
2019,Bech,,0,source suppressed,Bech
2019,Beckerich,,10,source suppressed,Beckerich
2019,Berdorf,,14,source suppressed,Berdorf
2019,Bertrange,26.00532,284,published,Bertrange
2019,Bettembourg,23.4001,74,published,Bettembourg
2019,Bettendorf,,17,source suppressed,Bettendorf
2019,Betzdorf,,18,source suppressed,Betzdorf
2019,Bissen,,21,source suppressed,Bissen
2019,Biwer,,2,source suppressed,Biwer
2019,Boulaide,,2,source suppressed,Boulaide
2019,Bourscheid,,7,source suppressed,Bourscheid
2019,Bous-Waldbredimus,,7,component unavailable,Bous | Waldbredimus
2019,Clervaux,12.85617,83,published,Clervaux
2019,Colmar-Berg,,17,source suppressed,Colmar-Berg
2019,Consdorf,,2,source suppressed,Consdorf
2019,Contern,19.90067,51,published,Contern
2019,Dalheim,,9,source suppressed,Dalheim
2019,Diekirch,15.830400000000001,76,published,Diekirch
2019,Differdange,20.39347,282,published,Differdange
2019,Dippach,19.98631,38,published,Dippach
2019,Dudelange,22.94937,209,published,Dudelange
2019,Echternach,16.37362,38,published,Echternach
2019,Ell,,4,source suppressed,Ell
2019,Erpeldange-sur-Sûre,,2,source suppressed,Erpeldange
2019,Esch-sur-Alzette,24.42779,724,published,Esch-sur-Alzette
2019,Esch-sur-Sûre,,20,source suppressed,Esch-sur-Sûre
2019,Ettelbruck,16.41074,84,published,Ettelbruck
2019,Feulen,,9,source suppressed,Feulen
2019,Fischbach,,5,source suppressed,Fischbach
2019,Flaxweiler,,4,source suppressed,Flaxweiler
2019,Frisange,16.82295,76,published,Frisange
2019,Garnich,,2,source suppressed,Garnich
2019,Goesdorf,,5,source suppressed,Goesdorf
2019,Grevenmacher,16.79697,47,published,Grevenmacher
2019,Groussbus-Wal,,4,component unavailable,Grosbous | Wahl
2019,Habscht,16.34859,47,published,Habscht
2019,Heffingen,,3,source suppressed,Heffingen
2019,Helperknapp,,22,source suppressed,Helperknapp
2019,Hesperange,21.532060000000005,446,published,Hesperange
2019,Junglinster,20.13743,134,published,Junglinster
2019,Käerjeng,16.79196,91,published,Kaerjeng
2019,Kayl,20.74775,71,published,Kayl
2019,Kehlen,17.48536,55,published,Kehlen
2019,Kiischpelt,,1,source suppressed,Kiischpelt
2019,Koerich,,11,source suppressed,Koerich
2019,Kopstal,21.6755,64,published,Kopstal
2019,Lac de la Haute-Sûre,,6,source suppressed,Lac de la Haute-Sûre
2019,Larochette,,12,source suppressed,Larochette
2019,Lenningen,,14,source suppressed,Lenningen
2019,Leudelange,29.68407,64,published,Leudelange
2019,Lintgen,,23,source suppressed,Lintgen
2019,Lorentzweiler,23.28866,69,published,Lorentzweiler
2019,Luxembourg,31.94013,7408,published,Luxembourg
2019,Mamer,23.53537,204,published,Mamer
2019,Manternach,,13,source suppressed,Manternach
2019,Mersch,18.058739999999997,116,published,Mersch
2019,Mertert,,23,source suppressed,Mertert
2019,Mertzig,,12,source suppressed,Mertzig
2019,Mondercange,23.26482,57,published,Mondercange
2019,Mondorf-les-Bains,18.66476,102,published,Mondorf-les-Bains
2019,Niederanven,27.012180000000004,38,published,Niederanven
2019,Nommern,,0,source suppressed,Nommern
2019,Parc Hosingen,,9,source suppressed,Parc Hosingen
2019,Pétange,18.04741,280,published,Petange
2019,Préizerdaul,,6,source suppressed,Préizerdaul
2019,Putscheid,,2,source suppressed,Putscheid
2019,Rambrouch,,20,source suppressed,Rambrouch
2019,Reckange-sur-Mess,,12,source suppressed,Reckange-sur-Mess
2019,Redange/Attert,13.78069,39,published,Redange-sur-Attert
2019,Reisdorf,,2,source suppressed,Reisdorf
2019,Remich,17.18382,42,published,Remich
2019,Roeser,21.585660000000004,105,published,Roeser
2019,Rosport-Mompach,,2,source suppressed,Rosport-Mompach
2019,Rumelange,,16,source suppressed,Rumelange
2019,Saeul,,4,source suppressed,Saeul
2019,Sandweiler,22.87308,50,published,Sandweiler
2019,Sanem,19.32322,130,published,Sanem
2019,Schengen,,26,source suppressed,Schengen
2019,Schieren,,4,source suppressed,Schieren
2019,Schifflange,21.40014,144,published,Schifflange
2019,Schuttrange,22.48455,58,published,Schuttrange
2019,Stadtbredimus,,13,source suppressed,Stadtbredimus
2019,Steinfort,18.2431,78,published,Steinfort
2019,Steinsel,18.68087,37,published,Steinsel
2019,Strassen,24.47935,396,published,Strassen
2019,Tandel,,0,source suppressed,Tandel
2019,Troisvierges,,15,source suppressed,Troisvierges
2019,Useldange,,20,source suppressed,Useldange
2019,Vallée de l'Ernz,,8,source suppressed,Vallée de l'Ernz
2019,Vianden,,13,source suppressed,Vianden
2019,Vichten,,7,source suppressed,Vichten
2019,Waldbillig,,1,source suppressed,Waldbillig
2019,Walferdange,25.72939,202,published,Walferdange
2019,Weiler-la-Tour,,8,source suppressed,Weiler-la-Tour
2019,Weiswampach,13.81361,49,published,Weiswampach
2019,Wiltz,13.90973,59,published,Wiltz
2019,Wincrange,,18,source suppressed,Wincrange
2019,Winseler,,26,source suppressed,Winseler
2019,Wormeldange,,26,source suppressed,Wormeldange
2020,Beaufort,,6,source suppressed,Beaufort
2020,Bech,,3,source suppressed,Bech
2020,Beckerich,,7,source suppressed,Beckerich
2020,Berdorf,,12,source suppressed,Berdorf
2020,Bertrange,25.22134,250,published,Bertrange
2020,Bettembourg,20.54704,111,published,Bettembourg
2020,Bettendorf,,7,source suppressed,Bettendorf
2020,Betzdorf,,13,source suppressed,Betzdorf
2020,Bissen,,12,source suppressed,Bissen
2020,Biwer,,1,source suppressed,Biwer
2020,Boulaide,,3,source suppressed,Boulaide
2020,Bourscheid,,9,source suppressed,Bourscheid
2020,Bous-Waldbredimus,,9,component unavailable,Bous | Waldbredimus
2020,Clervaux,13.24467,63,published,Clervaux
2020,Colmar-Berg,15.20249,54,published,Colmar-Berg
2020,Consdorf,,7,source suppressed,Consdorf
2020,Contern,18.65447,48,published,Contern
2020,Dalheim,,12,source suppressed,Dalheim
2020,Diekirch,16.15383,109,published,Diekirch
2020,Differdange,23.0883,276,published,Differdange
2020,Dippach,21.22185,38,published,Dippach
2020,Dudelange,23.83059,186,published,Dudelange
2020,Echternach,15.72602,44,published,Echternach
2020,Ell,,10,source suppressed,Ell
2020,Erpeldange-sur-Sûre,,2,source suppressed,Erpeldange
2020,Esch-sur-Alzette,33.17251,899,published,Esch-sur-Alzette
2020,Esch-sur-Sûre,,7,source suppressed,Esch-sur-Sûre
2020,Ettelbruck,16.22535,106,published,Ettelbruck
2020,Feulen,,14,source suppressed,Feulen
2020,Fischbach,,9,source suppressed,Fischbach
2020,Flaxweiler,,2,source suppressed,Flaxweiler
2020,Frisange,24.13509,43,published,Frisange
2020,Garnich,,3,source suppressed,Garnich
2020,Goesdorf,,4,source suppressed,Goesdorf
2020,Grevenmacher,17.0066,46,published,Grevenmacher
2020,Groussbus-Wal,,2,component unavailable,Grosbous | Wahl
2020,Habscht,20.647780000000004,52,published,Habscht
2020,Heffingen,,8,source suppressed,Heffingen
2020,Helperknapp,16.83168,51,published,Helperknapp
2020,Hesperange,23.292219999999997,391,published,Hesperange
2020,Junglinster,20.14234,63,published,Junglinster
2020,Käerjeng,18.58237,90,published,Kaerjeng
2020,Kayl,22.40215,60,published,Kayl
2020,Kehlen,,29,source suppressed,Kehlen
2020,Kiischpelt,,2,source suppressed,Kiischpelt
2020,Koerich,,6,source suppressed,Koerich
2020,Kopstal,21.26181,52,published,Kopstal
2020,Lac de la Haute-Sûre,,16,source suppressed,Lac de la Haute-Sûre
2020,Larochette,,9,source suppressed,Larochette
2020,Lenningen,,17,source suppressed,Lenningen
2020,Leudelange,34.15957,62,published,Leudelange
2020,Lintgen,,23,source suppressed,Lintgen
2020,Lorentzweiler,20.90792,86,published,Lorentzweiler
2020,Luxembourg,37.47937,8583,published,Luxembourg
2020,Mamer,36.53721,309,published,Mamer
2020,Manternach,,8,source suppressed,Manternach
2020,Mersch,18.82656,156,published,Mersch
2020,Mertert,18.15214,36,published,Mertert
2020,Mertzig,,5,source suppressed,Mertzig
2020,Mondercange,24.32751,61,published,Mondercange
2020,Mondorf-les-Bains,19.62674,92,published,Mondorf-les-Bains
2020,Niederanven,39.83628,37,published,Niederanven
2020,Nommern,,6,source suppressed,Nommern
2020,Parc Hosingen,,9,source suppressed,Parc Hosingen
2020,Pétange,19.62386,222,published,Petange
2020,Préizerdaul,,3,source suppressed,Préizerdaul
2020,Putscheid,,4,source suppressed,Putscheid
2020,Rambrouch,,9,source suppressed,Rambrouch
2020,Reckange-sur-Mess,,12,source suppressed,Reckange-sur-Mess
2020,Redange/Attert,,22,source suppressed,Redange-sur-Attert
2020,Reisdorf,,4,source suppressed,Reisdorf
2020,Remich,18.41543,39,published,Remich
2020,Roeser,25.08432,113,published,Roeser
2020,Rosport-Mompach,,1,source suppressed,Rosport-Mompach
2020,Rumelange,,24,source suppressed,Rumelange
2020,Saeul,,7,source suppressed,Saeul
2020,Sandweiler,38.87895,53,published,Sandweiler
2020,Sanem,20.13558,129,published,Sanem
2020,Schengen,,22,source suppressed,Schengen
2020,Schieren,,23,source suppressed,Schieren
2020,Schifflange,24.40501,117,published,Schifflange
2020,Schuttrange,20.39092,33,published,Schuttrange
2020,Stadtbredimus,,6,source suppressed,Stadtbredimus
2020,Steinfort,19.98007,49,published,Steinfort
2020,Steinsel,22.400899999999996,48,published,Steinsel
2020,Strassen,27.87175,684,published,Strassen
2020,Tandel,,0,source suppressed,Tandel
2020,Troisvierges,13.18166,31,published,Troisvierges
2020,Useldange,,3,source suppressed,Useldange
2020,Vallée de l'Ernz,,2,source suppressed,Vallée de l'Ernz
2020,Vianden,,6,source suppressed,Vianden
2020,Vichten,,9,source suppressed,Vichten
2020,Waldbillig,,4,source suppressed,Waldbillig
2020,Walferdange,31.04127,184,published,Walferdange
2020,Weiler-la-Tour,,5,source suppressed,Weiler-la-Tour
2020,Weiswampach,14.116220000000002,42,published,Weiswampach
2020,Wiltz,14.47965,48,published,Wiltz
2020,Wincrange,,20,source suppressed,Wincrange
2020,Winseler,,14,source suppressed,Winseler
2020,Wormeldange,17.17955,37,published,Wormeldange
2021,Beaufort,,18,source suppressed,Beaufort
2021,Bech,,2,source suppressed,Bech
2021,Beckerich,,16,source suppressed,Beckerich
2021,Berdorf,,7,source suppressed,Berdorf
2021,Bertrange,25.4116,365,published,Bertrange
2021,Bettembourg,22.34873,67,published,Bettembourg
2021,Bettendorf,,5,source suppressed,Bettendorf
2021,Betzdorf,,9,source suppressed,Betzdorf
2021,Bissen,17.84412,94,published,Bissen
2021,Biwer,,2,source suppressed,Biwer
2021,Boulaide,,3,source suppressed,Boulaide
2021,Bourscheid,,5,source suppressed,Bourscheid
2021,Bous-Waldbredimus,,10,component unavailable,Bous | Waldbredimus
2021,Clervaux,15.305750000000002,118,published,Clervaux
2021,Colmar-Berg,,17,source suppressed,Colmar-Berg
2021,Consdorf,,4,source suppressed,Consdorf
2021,Contern,23.11232,139,published,Contern
2021,Dalheim,,5,source suppressed,Dalheim
2021,Diekirch,16.39816,96,published,Diekirch
2021,Differdange,23.86641,341,published,Differdange
2021,Dippach,20.66485,44,published,Dippach
2021,Dudelange,24.92735,219,published,Dudelange
2021,Echternach,17.35986,61,published,Echternach
2021,Ell,,5,source suppressed,Ell
2021,Erpeldange-sur-Sûre,,1,source suppressed,Erpeldange
2021,Esch-sur-Alzette,31.068470000000005,1257,published,Esch-sur-Alzette
2021,Esch-sur-Sûre,,5,source suppressed,Esch-sur-Sûre
2021,Ettelbruck,18.52042,144,published,Ettelbruck
2021,Feulen,,11,source suppressed,Feulen
2021,Fischbach,,5,source suppressed,Fischbach
2021,Flaxweiler,,8,source suppressed,Flaxweiler
2021,Frisange,23.62442,104,published,Frisange
2021,Garnich,,5,source suppressed,Garnich
2021,Goesdorf,,6,source suppressed,Goesdorf
2021,Grevenmacher,16.20529,36,published,Grevenmacher
2021,Groussbus-Wal,,3,component unavailable,Grosbous | Wahl
2021,Habscht,19.75966,31,published,Habscht
2021,Heffingen,,11,source suppressed,Heffingen
2021,Helperknapp,,27,source suppressed,Helperknapp
2021,Hesperange,23.0443,711,published,Hesperange
2021,Junglinster,20.50707,88,published,Junglinster
2021,Käerjeng,19.12819,81,published,Kaerjeng
2021,Kayl,22.44386,76,published,Kayl
2021,Kehlen,18.73074,48,published,Kehlen
2021,Kiischpelt,,1,source suppressed,Kiischpelt
2021,Koerich,,10,source suppressed,Koerich
2021,Kopstal,23.48324,68,published,Kopstal
2021,Lac de la Haute-Sûre,,13,source suppressed,Lac de la Haute-Sûre
2021,Larochette,,12,source suppressed,Larochette
2021,Lenningen,,16,source suppressed,Lenningen
2021,Leudelange,44.67563,108,published,Leudelange
2021,Lintgen,20.16572,50,published,Lintgen
2021,Lorentzweiler,22.30574,96,published,Lorentzweiler
2021,Luxembourg,35.57652,12353,published,Luxembourg
2021,Mamer,35.2396,341,published,Mamer
2021,Manternach,,6,source suppressed,Manternach
2021,Mersch,22.14359,170,published,Mersch
2021,Mertert,,24,source suppressed,Mertert
2021,Mertzig,,5,source suppressed,Mertzig
2021,Mondercange,32.44714,82,published,Mondercange
2021,Mondorf-les-Bains,19.7039,124,published,Mondorf-les-Bains
2021,Niederanven,24.88122,62,published,Niederanven
2021,Nommern,,2,source suppressed,Nommern
2021,Parc Hosingen,,22,source suppressed,Parc Hosingen
2021,Pétange,21.14572,241,published,Petange
2021,Préizerdaul,,3,source suppressed,Préizerdaul
2021,Putscheid,,10,source suppressed,Putscheid
2021,Rambrouch,,10,source suppressed,Rambrouch
2021,Reckange-sur-Mess,,16,source suppressed,Reckange-sur-Mess
2021,Redange/Attert,,26,source suppressed,Redange-sur-Attert
2021,Reisdorf,,4,source suppressed,Reisdorf
2021,Remich,17.91686,56,published,Remich
2021,Roeser,24.50902,148,published,Roeser
2021,Rosport-Mompach,,7,source suppressed,Rosport-Mompach
2021,Rumelange,21.1183,32,published,Rumelange
2021,Saeul,,8,source suppressed,Saeul
2021,Sandweiler,33.16472,73,published,Sandweiler
2021,Sanem,20.0113,133,published,Sanem
2021,Schengen,,29,source suppressed,Schengen
2021,Schieren,,16,source suppressed,Schieren
2021,Schifflange,22.9031,140,published,Schifflange
2021,Schuttrange,21.48111,39,published,Schuttrange
2021,Stadtbredimus,,14,source suppressed,Stadtbredimus
2021,Steinfort,20.98503,55,published,Steinfort
2021,Steinsel,22.1264,34,published,Steinsel
2021,Strassen,26.97418,599,published,Strassen
2021,Tandel,,0,source suppressed,Tandel
2021,Troisvierges,,25,source suppressed,Troisvierges
2021,Useldange,,6,source suppressed,Useldange
2021,Vallée de l'Ernz,,5,source suppressed,Vallée de l'Ernz
2021,Vianden,,8,source suppressed,Vianden
2021,Vichten,,4,source suppressed,Vichten
2021,Waldbillig,,6,source suppressed,Waldbillig
2021,Walferdange,28.17503,374,published,Walferdange
2021,Weiler-la-Tour,,14,source suppressed,Weiler-la-Tour
2021,Weiswampach,16.12357,62,published,Weiswampach
2021,Wiltz,15.627170000000001,71,published,Wiltz
2021,Wincrange,,10,source suppressed,Wincrange
2021,Winseler,,19,source suppressed,Winseler
2021,Wormeldange,16.51095,36,published,Wormeldange
2022,Beaufort,,5,source suppressed,Beaufort
2022,Bech,,0,source suppressed,Bech
2022,Beckerich,,7,source suppressed,Beckerich
2022,Berdorf,,10,source suppressed,Berdorf
2022,Bertrange,24.552430000000005,184,published,Bertrange
2022,Bettembourg,21.6529,63,published,Bettembourg
2022,Bettendorf,,7,source suppressed,Bettendorf
2022,Betzdorf,,15,source suppressed,Betzdorf
2022,Bissen,,22,source suppressed,Bissen
2022,Biwer,,0,source suppressed,Biwer
2022,Boulaide,,3,source suppressed,Boulaide
2022,Bourscheid,,6,source suppressed,Bourscheid
2022,Bous-Waldbredimus,,12,component unavailable,Bous | Waldbredimus
2022,Clervaux,16.0522,101,published,Clervaux
2022,Colmar-Berg,,19,source suppressed,Colmar-Berg
2022,Consdorf,,2,source suppressed,Consdorf
2022,Contern,25.18075,44,published,Contern
2022,Dalheim,,5,source suppressed,Dalheim
2022,Diekirch,18.45836,75,published,Diekirch
2022,Differdange,26.55231,262,published,Differdange
2022,Dippach,25.45287,42,published,Dippach
2022,Dudelange,25.63035,196,published,Dudelange
2022,Echternach,17.48725,43,published,Echternach
2022,Ell,,6,source suppressed,Ell
2022,Erpeldange-sur-Sûre,,1,source suppressed,Erpeldange
2022,Esch-sur-Alzette,39.99683,1357,published,Esch-sur-Alzette
2022,Esch-sur-Sûre,,6,source suppressed,Esch-sur-Sûre
2022,Ettelbruck,17.87976,110,published,Ettelbruck
2022,Feulen,,21,source suppressed,Feulen
2022,Fischbach,,4,source suppressed,Fischbach
2022,Flaxweiler,,3,source suppressed,Flaxweiler
2022,Frisange,22.27145,91,published,Frisange
2022,Garnich,,4,source suppressed,Garnich
2022,Goesdorf,,13,source suppressed,Goesdorf
2022,Grevenmacher,19.43926,32,published,Grevenmacher
2022,Groussbus-Wal,,2,component unavailable,Grosbous | Wahl
2022,Habscht,23.284080000000003,44,published,Habscht
2022,Heffingen,,4,source suppressed,Heffingen
2022,Helperknapp,,22,source suppressed,Helperknapp
2022,Hesperange,24.69503,442,published,Hesperange
2022,Junglinster,21.23546,82,published,Junglinster
2022,Käerjeng,19.41978,60,published,Kaerjeng
2022,Kayl,22.59934,53,published,Kayl
2022,Kehlen,,19,source suppressed,Kehlen
2022,Kiischpelt,,1,source suppressed,Kiischpelt
2022,Koerich,,11,source suppressed,Koerich
2022,Kopstal,23.65687,47,published,Kopstal
2022,Lac de la Haute-Sûre,,13,source suppressed,Lac de la Haute-Sûre
2022,Larochette,,11,source suppressed,Larochette
2022,Lenningen,,9,source suppressed,Lenningen
2022,Leudelange,43.0216,102,published,Leudelange
2022,Lintgen,20.40264,30,published,Lintgen
2022,Lorentzweiler,23.75117,36,published,Lorentzweiler
2022,Luxembourg,39.15968,8362,published,Luxembourg
2022,Mamer,31.63016,379,published,Mamer
2022,Manternach,,8,source suppressed,Manternach
2022,Mersch,20.24303,101,published,Mersch
2022,Mertert,20.25875,55,published,Mertert
2022,Mertzig,,6,source suppressed,Mertzig
2022,Mondercange,41.30728,104,published,Mondercange
2022,Mondorf-les-Bains,19.55733,84,published,Mondorf-les-Bains
2022,Niederanven,24.49266,41,published,Niederanven
2022,Nommern,,2,source suppressed,Nommern
2022,Parc Hosingen,,8,source suppressed,Parc Hosingen
2022,Pétange,23.05115,198,published,Petange
2022,Préizerdaul,,5,source suppressed,Préizerdaul
2022,Putscheid,,3,source suppressed,Putscheid
2022,Rambrouch,,13,source suppressed,Rambrouch
2022,Reckange-sur-Mess,,12,source suppressed,Reckange-sur-Mess
2022,Redange/Attert,,19,source suppressed,Redange-sur-Attert
2022,Reisdorf,,0,source suppressed,Reisdorf
2022,Remich,19.45005,50,published,Remich
2022,Roeser,27.97754,120,published,Roeser
2022,Rosport-Mompach,,5,source suppressed,Rosport-Mompach
2022,Rumelange,,20,source suppressed,Rumelange
2022,Saeul,,5,source suppressed,Saeul
2022,Sandweiler,31.13391,50,published,Sandweiler
2022,Sanem,20.73681,105,published,Sanem
2022,Schengen,16.75008,49,published,Schengen
2022,Schieren,,18,source suppressed,Schieren
2022,Schifflange,25.0585,113,published,Schifflange
2022,Schuttrange,20.54471,32,published,Schuttrange
2022,Stadtbredimus,,15,source suppressed,Stadtbredimus
2022,Steinfort,19.15823,51,published,Steinfort
2022,Steinsel,22.88212,62,published,Steinsel
2022,Strassen,27.486820000000005,358,published,Strassen
2022,Tandel,,0,source suppressed,Tandel
2022,Troisvierges,,17,source suppressed,Troisvierges
2022,Useldange,,6,source suppressed,Useldange
2022,Vallée de l'Ernz,,3,source suppressed,Vallée de l'Ernz
2022,Vianden,,3,source suppressed,Vianden
2022,Vichten,,2,source suppressed,Vichten
2022,Waldbillig,,4,source suppressed,Waldbillig
2022,Walferdange,23.8928,235,published,Walferdange
2022,Weiler-la-Tour,,12,source suppressed,Weiler-la-Tour
2022,Weiswampach,15.90603,30,published,Weiswampach
2022,Wiltz,17.25249,69,published,Wiltz
2022,Wincrange,,7,source suppressed,Wincrange
2022,Winseler,,27,source suppressed,Winseler
2022,Wormeldange,,26,source suppressed,Wormeldange
2023,Beaufort,,2,source suppressed,Beaufort
2023,Bech,,1,source suppressed,Bech
2023,Beckerich,,15,source suppressed,Beckerich
2023,Berdorf,,10,source suppressed,Berdorf
2023,Bertrange,27.44064,227,published,Bertrange
2023,Bettembourg,25.59243,50,published,Bettembourg
2023,Bettendorf,,7,source suppressed,Bettendorf
2023,Betzdorf,,14,source suppressed,Betzdorf
2023,Bissen,18.61971,53,published,Bissen
2023,Biwer,,0,source suppressed,Biwer
2023,Boulaide,,3,source suppressed,Boulaide
2023,Bourscheid,,5,source suppressed,Bourscheid
2023,Bous-Waldbredimus,,6,source suppressed,Bous-Waldbredimus
2023,Clervaux,16.58873,97,published,Clervaux
2023,Colmar-Berg,,15,source suppressed,Colmar-Berg
2023,Consdorf,,3,source suppressed,Consdorf
2023,Contern,26.14,63,published,Contern
2023,Dalheim,,6,source suppressed,Dalheim
2023,Diekirch,20.71109,87,published,Diekirch
2023,Differdange,25.81547,193,published,Differdange
2023,Dippach,21.660099999999996,31,published,Dippach
2023,Dudelange,28.27564,186,published,Dudelange
2023,Echternach,19.78932,37,published,Echternach
2023,Ell,,7,source suppressed,Ell
2023,Erpeldange-sur-Sûre,,0,source suppressed,Erpeldange
2023,Esch-sur-Alzette,32.36992,604,published,Esch-sur-Alzette
2023,Esch-sur-Sûre,,9,source suppressed,Esch-sur-Sûre
2023,Ettelbruck,21.528620000000004,113,published,Ettelbruck
2023,Feulen,,10,source suppressed,Feulen
2023,Fischbach,,8,source suppressed,Fischbach
2023,Flaxweiler,,12,source suppressed,Flaxweiler
2023,Frisange,32.52637,60,published,Frisange
2023,Garnich,,5,source suppressed,Garnich
2023,Goesdorf,,4,source suppressed,Goesdorf
2023,Grevenmacher,20.17032,59,published,Grevenmacher
2023,Groussbus-Wal,,1,source suppressed,Grosbus-Wal
2023,Habscht,22.39514,72,published,Habscht
2023,Heffingen,,4,source suppressed,Heffingen
2023,Helperknapp,,20,source suppressed,Helperknapp
2023,Hesperange,25.064009999999996,359,published,Hesperange
2023,Junglinster,22.101469999999996,48,published,Junglinster
2023,Käerjeng,22.54814,81,published,Käerjeng
2023,Kayl,23.70186,65,published,Kayl
2023,Kehlen,23.09835,30,published,Kehlen
2023,Kiischpelt,,2,source suppressed,Kiischpelt
2023,Koerich,,5,source suppressed,Koerich
2023,Kopstal,26.99177,47,published,Kopstal
2023,Lac de la Haute-Sûre,,8,source suppressed,Lac de la Haute-Sûre
2023,Larochette,,1,source suppressed,Larochette
2023,Lenningen,,5,source suppressed,Lenningen
2023,Leudelange,34.81002,35,published,Leudelange
2023,Lintgen,23.69596,42,published,Lintgen
2023,Lorentzweiler,22.679,69,published,Lorentzweiler
2023,Luxembourg,37.25881,5409,published,Luxembourg
2023,Mamer,28.69021,213,published,Mamer
2023,Manternach,,11,source suppressed,Manternach
2023,Mersch,22.76356,111,published,Mersch
2023,Mertert,21.94037,85,published,Mertert
2023,Mertzig,,12,source suppressed,Mertzig
2023,Mondercange,32.39416,53,published,Mondercange
2023,Mondorf-les-Bains,21.34377,93,published,Mondorf-les-Bains
2023,Niederanven,29.48222,41,published,Niederanven
2023,Nommern,,6,source suppressed,Nommern
2023,Parc Hosingen,,26,source suppressed,Parc Hosingen
2023,Pétange,24.79488,161,published,Pétange
2023,Préizerdaul,,4,source suppressed,Préizerdaul
2023,Putscheid,,0,source suppressed,Putscheid
2023,Rambrouch,,10,source suppressed,Rambrouch
2023,Reckange-sur-Mess,,14,source suppressed,Reckange-sur-Mess
2023,Redange/Attert,,13,source suppressed,Redange-sur-Attert
2023,Reisdorf,,1,source suppressed,Reisdorf
2023,Remich,20.15494,55,published,Remich
2023,Roeser,33.49146,139,published,Roeser
2023,Rosport-Mompach,,6,source suppressed,Rosport-Mompach
2023,Rumelange,,16,source suppressed,Rumelange
2023,Saeul,,3,source suppressed,Saeul
2023,Sandweiler,32.63571,57,published,Sandweiler
2023,Sanem,23.10656,93,published,Sanem
2023,Schengen,,21,source suppressed,Schengen
2023,Schieren,,20,source suppressed,Schieren
2023,Schifflange,27.157310000000003,81,published,Schifflange
2023,Schuttrange,,11,source suppressed,Schuttrange
2023,Stadtbredimus,,10,source suppressed,Stadtbredimus
2023,Steinfort,21.57902,54,published,Steinfort
2023,Steinsel,24.8194,68,published,Steinsel
2023,Strassen,30.46188,290,published,Strassen
2023,Tandel,,0,source suppressed,Tandel
2023,Troisvierges,,16,source suppressed,Troisvierges
2023,Useldange,,7,source suppressed,Useldange
2023,Vallée de l'Ernz,,4,source suppressed,Vallée de l'Ernz
2023,Vianden,,5,source suppressed,Vianden
2023,Vichten,,4,source suppressed,Vichten
2023,Waldbillig,,2,source suppressed,Waldbillig
2023,Walferdange,26.33612,156,published,Walferdange
2023,Weiler-la-Tour,,19,source suppressed,Weiler-la-Tour
2023,Weiswampach,16.98753,70,published,Weiswampach
2023,Wiltz,17.97648,58,published,Wiltz
2023,Wincrange,16.3799,32,published,Wincrange
2023,Winseler,,27,source suppressed,Winseler
2023,Wormeldange,22.56247,31,published,Wormeldange
2024,Beaufort,,7,source suppressed,Beaufort
2024,Bech,,2,source suppressed,Bech
2024,Beckerich,,13,source suppressed,Beckerich
2024,Berdorf,,4,source suppressed,Berdorf
2024,Bertrange,32.60223,214,published,Bertrange
2024,Bettembourg,31.179709999999996,57,published,Bettembourg
2024,Bettendorf,,5,source suppressed,Bettendorf
2024,Betzdorf,,9,source suppressed,Betzdorf
2024,Bissen,,19,source suppressed,Bissen
2024,Biwer,,0,source suppressed,Biwer
2024,Boulaide,,5,source suppressed,Boulaide
2024,Bourscheid,,6,source suppressed,Bourscheid
2024,Bous-Waldbredimus,,6,source suppressed,Bous-Waldbredimus
2024,Clervaux,18.18827,107,published,Clervaux
2024,Colmar-Berg,,18,source suppressed,Colmar-Berg
2024,Consdorf,,1,source suppressed,Consdorf
2024,Contern,26.397489999999998,40,published,Contern
2024,Dalheim,,8,source suppressed,Dalheim
2024,Diekirch,19.61937,88,published,Diekirch
2024,Differdange,27.140850000000004,206,published,Differdange
2024,Dippach,,24,source suppressed,Dippach
2024,Dudelange,29.67379,126,published,Dudelange
2024,Echternach,19.46683,43,published,Echternach
2024,Ell,,9,source suppressed,Ell
2024,Erpeldange-sur-Sûre,,3,source suppressed,Erpeldange
2024,Esch-sur-Alzette,39.85114,668,published,Esch-sur-Alzette
2024,Esch-sur-Sûre,,20,source suppressed,Esch-sur-Sûre
2024,Ettelbruck,22.268980000000003,95,published,Ettelbruck
2024,Feulen,,7,source suppressed,Feulen
2024,Fischbach,,2,source suppressed,Fischbach
2024,Flaxweiler,,4,source suppressed,Flaxweiler
2024,Frisange,30.17537,36,published,Frisange
2024,Garnich,,1,source suppressed,Garnich
2024,Goesdorf,,7,source suppressed,Goesdorf
2024,Grevenmacher,21.23946,48,published,Grevenmacher
2024,Groussbus-Wal,,5,source suppressed,Grosbus-Wal
2024,Habscht,22.84278,30,published,Habscht
2024,Heffingen,,6,source suppressed,Heffingen
2024,Helperknapp,,22,source suppressed,Helperknapp
2024,Hesperange,29.90753,189,published,Hesperange
2024,Junglinster,22.85272,49,published,Junglinster
2024,Käerjeng,32.3334,112,published,Käerjeng
2024,Kayl,23.26673,59,published,Kayl
2024,Kehlen,24.38559,31,published,Kehlen
2024,Kiischpelt,,8,source suppressed,Kiischpelt
2024,Koerich,,4,source suppressed,Koerich
2024,Kopstal,24.98524,75,published,Kopstal
2024,Lac de la Haute-Sûre,,12,source suppressed,Lac de la Haute-Sûre
2024,Larochette,,5,source suppressed,Larochette
2024,Lenningen,,6,source suppressed,Lenningen
2024,Leudelange,45.44459,65,published,Leudelange
2024,Lintgen,,24,source suppressed,Lintgen
2024,Lorentzweiler,23.72115,44,published,Lorentzweiler
2024,Luxembourg,43.36553,5872,published,Luxembourg
2024,Mamer,35.40179,212,published,Mamer
2024,Manternach,,0,source suppressed,Manternach
2024,Mersch,22.91427,57,published,Mersch
2024,Mertert,21.90672,41,published,Mertert
2024,Mertzig,,4,source suppressed,Mertzig
2024,Mondercange,41.87972,66,published,Mondercange
2024,Mondorf-les-Bains,21.87001,66,published,Mondorf-les-Bains
2024,Niederanven,41.4244,99,published,Niederanven
2024,Nommern,,4,source suppressed,Nommern
2024,Parc Hosingen,,15,source suppressed,Parc Hosingen
2024,Pétange,24.33185,120,published,Pétange
2024,Préizerdaul,,1,source suppressed,Préizerdaul
2024,Putscheid,,3,source suppressed,Putscheid
2024,Rambrouch,,12,source suppressed,Rambrouch
2024,Reckange-sur-Mess,32.66944,31,published,Reckange-sur-Mess
2024,Redange/Attert,,19,source suppressed,Redange-sur-Attert
2024,Reisdorf,,2,source suppressed,Reisdorf
2024,Remich,20.16103,31,published,Remich
2024,Roeser,36.58438,111,published,Roeser
2024,Rosport-Mompach,,5,source suppressed,Rosport-Mompach
2024,Rumelange,,11,source suppressed,Rumelange
2024,Saeul,,2,source suppressed,Saeul
2024,Sandweiler,31.31952,50,published,Sandweiler
2024,Sanem,24.99034,85,published,Sanem
2024,Schengen,,23,source suppressed,Schengen
2024,Schieren,,15,source suppressed,Schieren
2024,Schifflange,25.98749,52,published,Schifflange
2024,Schuttrange,,21,source suppressed,Schuttrange
2024,Stadtbredimus,,13,source suppressed,Stadtbredimus
2024,Steinfort,23.435710000000004,45,published,Steinfort
2024,Steinsel,27.60874,120,published,Steinsel
2024,Strassen,35.778,232,published,Strassen
2024,Tandel,,0,source suppressed,Tandel
2024,Troisvierges,,21,source suppressed,Troisvierges
2024,Useldange,,11,source suppressed,Useldange
2024,Vallée de l'Ernz,,2,source suppressed,Vallée de l'Ernz
2024,Vianden,,6,source suppressed,Vianden
2024,Vichten,,2,source suppressed,Vichten
2024,Waldbillig,,0,source suppressed,Waldbillig
2024,Walferdange,37.86445,141,published,Walferdange
2024,Weiler-la-Tour,19.62928,55,published,Weiler-la-Tour
2024,Weiswampach,17.24127,70,published,Weiswampach
2024,Wiltz,18.82423,42,published,Wiltz
2024,Wincrange,,8,source suppressed,Wincrange
2024,Winseler,,15,source suppressed,Winseler
2024,Wormeldange,,23,source suppressed,Wormeldange
2025,Beaufort,,3,source suppressed,Beaufort
2025,Bech,,10,source suppressed,Bech
2025,Beckerich,,7,source suppressed,Beckerich
2025,Berdorf,,3,source suppressed,Berdorf
2025,Bertrange,39.70805,197,published,Bertrange
2025,Bettembourg,30.187,51,published,Bettembourg
2025,Bettendorf,,4,source suppressed,Bettendorf
2025,Betzdorf,,2,source suppressed,Betzdorf
2025,Bissen,,12,source suppressed,Bissen
2025,Biwer,,0,source suppressed,Biwer
2025,Boulaide,,3,source suppressed,Boulaide
2025,Bourscheid,,5,source suppressed,Bourscheid
2025,Bous-Waldbredimus,,4,source suppressed,Bous-Waldbredimus
2025,Clervaux,19.08005,69,published,Clervaux
2025,Colmar-Berg,,3,source suppressed,Colmar-Berg
2025,Consdorf,,0,source suppressed,Consdorf
2025,Contern,23.68338,32,published,Contern
2025,Dalheim,,7,source suppressed,Dalheim
2025,Diekirch,21.06296,75,published,Diekirch
2025,Differdange,29.851400000000005,167,published,Differdange
2025,Dippach,,12,source suppressed,Dippach
2025,Dudelange,25.6431,100,published,Dudelange
2025,Echternach,,29,source suppressed,Echternach
2025,Ell,,4,source suppressed,Ell
2025,Erpeldange-sur-Sûre,,2,source suppressed,Erpeldange
2025,Esch-sur-Alzette,41.35616,541,published,Esch-sur-Alzette
2025,Esch-sur-Sûre,,2,source suppressed,Esch-sur-Sûre
2025,Ettelbruck,22.17874,96,published,Ettelbruck
2025,Feulen,,7,source suppressed,Feulen
2025,Fischbach,,0,source suppressed,Fischbach
2025,Flaxweiler,,1,source suppressed,Flaxweiler
2025,Frisange,26.47884,44,published,Frisange
2025,Garnich,,18,source suppressed,Garnich
2025,Goesdorf,,2,source suppressed,Goesdorf
2025,Grevenmacher,,24,source suppressed,Grevenmacher
2025,Groussbus-Wal,,5,source suppressed,Groussbus-Wal
2025,Habscht,,25,source suppressed,Habscht
2025,Heffingen,,8,source suppressed,Heffingen
2025,Helperknapp,,8,source suppressed,Helperknapp
2025,Hesperange,29.633879999999998,180,published,Hesperange
2025,Junglinster,27.08131,34,published,Junglinster
2025,Käerjeng,36.17316,109,published,Käerjeng
2025,Kayl,,26,source suppressed,Kayl
2025,Kehlen,,22,source suppressed,Kehlen
2025,Kiischpelt,,1,source suppressed,Kiischpelt
2025,Koerich,,3,source suppressed,Koerich
2025,Kopstal,26.56196,41,published,Kopstal
2025,Lac de la Haute-Sûre,,3,source suppressed,Lac de la Haute-Sûre
2025,Larochette,,9,source suppressed,Larochette
2025,Lenningen,,3,source suppressed,Lenningen
2025,Leudelange,47.38496,81,published,Leudelange
2025,Lintgen,,17,source suppressed,Lintgen
2025,Lorentzweiler,29.3934,30,published,Lorentzweiler
2025,Luxembourg,45.42292,5535,published,Luxembourg
2025,Mamer,38.08646,210,published,Mamer
2025,Manternach,,4,source suppressed,Manternach
2025,Mersch,22.8739,69,published,Mersch
2025,Mertert,26.095179999999996,30,published,Mertert
2025,Mertzig,,3,source suppressed,Mertzig
2025,Mondercange,44.28376,61,published,Mondercange
2025,Mondorf-les-Bains,26.23812,61,published,Mondorf-les-Bains
2025,Niederanven,38.31506,69,published,Niederanven
2025,Nommern,,0,source suppressed,Nommern
2025,Parc Hosingen,,8,source suppressed,Parc Hosingen
2025,Pétange,26.345309999999998,97,published,Pétange
2025,Préizerdaul,,7,source suppressed,Préizerdaul
2025,Putscheid,,1,source suppressed,Putscheid
2025,Rambrouch,,18,source suppressed,Rambrouch
2025,Reckange-sur-Mess,32.97775,54,published,Reckange-sur-Mess
2025,Redange/Attert,,11,source suppressed,Redange-sur-Attert
2025,Reisdorf,,2,source suppressed,Reisdorf
2025,Remich,,18,source suppressed,Remich
2025,Roeser,33.185,80,published,Roeser
2025,Rosport-Mompach,,4,source suppressed,Rosport-Mompach
2025,Rumelange,,11,source suppressed,Rumelange
2025,Saeul,,4,source suppressed,Saeul
2025,Sandweiler,,25,source suppressed,Sandweiler
2025,Sanem,27.61381,96,published,Sanem
2025,Schengen,,22,source suppressed,Schengen
2025,Schieren,,15,source suppressed,Schieren
2025,Schifflange,32.68745,86,published,Schifflange
2025,Schuttrange,,13,source suppressed,Schuttrange
2025,Stadtbredimus,,9,source suppressed,Stadtbredimus
2025,Steinfort,25.39958,37,published,Steinfort
2025,Steinsel,27.319200000000002,75,published,Steinsel
2025,Strassen,36.42878,274,published,Strassen
2025,Tandel,,0,source suppressed,Tandel
2025,Troisvierges,,20,source suppressed,Troisvierges
2025,Useldange,,12,source suppressed,Useldange
2025,Vallée de l'Ernz,,2,source suppressed,Vallée de l'Ernz
2025,Vianden,,3,source suppressed,Vianden
2025,Vichten,,1,source suppressed,Vichten
2025,Waldbillig,,0,source suppressed,Waldbillig
2025,Walferdange,34.97525,163,published,Walferdange
2025,Weiler-la-Tour,,9,source suppressed,Weiler-la-Tour
2025,Weiswampach,19.05139,38,published,Weiswampach
2025,Wiltz,18.68537,32,published,Wiltz
2025,Wincrange,,5,source suppressed,Wincrange
2025,Winseler,,24,source suppressed,Winseler
2025,Wormeldange,,11,source suppressed,Wormeldange
